누가 시녀장을 회귀시켰는가,소소리닻별,로판,https://novel.naver.com//webnovel/list?novelId=1113877,"
“어머니가 예전에 주신 건데...... 소중한 사람이 생기면 꼭 전하라고 하셨어.”

2황자 노아가 얼굴을 붉히며 말했다. 에이미는 자신의 손바닥에 고이 올려진 보석을 보며 침음을 삼켰다.

‘너는 또다시 이것을 나에게 주는구나.’

그녀는 전생에서도 얻었던 그 보석 덕분에 자신이 회귀할 수 있었다고 믿었다.

“소중히 간직해오신 거잖아요. 그런 귀한 걸 저에게 주신다고요?”

노아가 눈을 깜박이다 환하게 웃었다.

“나에게 소중한 사람은 에이미뿐인걸.”

마치 수줍은 고백과도 같은 그 말을 듣는 순간, 에이미의 얼굴이 파삭 구겨졌다.

“아, 그건 좀.”


에이미는 자신을 사랑한다는 황태자를 충심을 다해 모시다 배신을 당해 비참하게 죽은 뒤 회귀한다.
복수심에 불탄 그녀는 황태자와 대척점에 있는 2황자 노아에게 붙어 충실한 시녀장으로서 그를 키우고 가르친다.

그런데... 회귀 당시 에이미가 지니고 있던 마도구는 세 개였음이 밝혀진다.
누가 준 마도구가 그녀를 회귀시켰을까?


“에이미, 이렇게 하면 돼?”
“......네.”
“에이미, 나 소드마스터가 됐어!”
“세상에.”

벌써요? 너 이제 막 성년 됐는데요?
무섭게 발전하는 노아의 속도에 에이미는 현기증마저 느꼈다.
그런데 과속도 정도껏 해야지......
노아는 성인이 되자마자 그녀에게 달려와 무릎을 꿇는데.

“에이미가 원하는 대로 다 했어. 그러니까 이제 우리 결혼하는 거지?”
“......네?”

분명 에이미의 인생은 복수물이었는데, 정신을 차려 보니 연애물이 되어 있었다!
더보기
",135,800000,9.93,201,490,4
죽은 악녀는 남주의 아이를 가졌다,광산김파도,인기상승-정주행많은-많이보는로판-로판,https://novel.naver.com//webnovel/list?novelId=1136676,"
‘세상에! 킬리온은 다 알고 있었어! 알면서 모른 척했어!’

편지를 펼친 베로니아의 손이 바들바들 떨렸다. 
그녀의 진짜 정체를 알면서도 모른 척 연기했다는 킬리온.
다시 만난 순간부터 저는 그의 손바닥 위에 있었다는 사실에 목덜미가 서늘해졌다.  

베로니아는 아랫입술을 잘근잘근 씹으며 짐을 챙겼다.
한시라도 빨리 이곳을 떠나야 했다. 

그의 눈과 귀가 닿지 않는 곳으로. 그의 손이 뻗치지 않는 곳으로.
그런데 과연 그런 곳이 있을까?

똑똑똑, 노크 소리와 함께 문이 벌컥 열렸다.
킬리온이었다. 

“니아?”

그녀의 가명을 부르는 목소리는 더없이 부드러웠다. 
천천히 다가온 그가 테이블 위 편지를 봤다.

“이런….”

곧게 뻗었던 새까만 눈썹이 꿈틀거렸다.
겨울 바다처럼 시린 청안이 그녀를 뚫을 듯 쳐다봤다. 

“저는 들켜 버렸군요. 베로니아 황녀 전하.""
“…날 보내 줘요.”
“보내 줄 생각이었다면 애초에 찾아오지도 않았습니다, 전하.”

그녀는 지푸라기라도 잡는 심정으로 아이의 이름을 입에 올렸다. 

“제디엘을 생각해서라도 보내 줘요. 제발….”
“…제디엘을 생각해서 보내 드리지 못하는 겁니다, 전하.”

남자의 미간이 단번에 좁아졌다. 

“제디엘은… 전하와 제 아이이지 않습니까?”
“그게 아….”
“아니라고 거짓말 하실 생각은 접어 두십시오, 전하.”

커다란 손이 그녀를 향해 뻗어 왔다.
더보기
",141,570000,9.8,226,775,3
오아뉴-멱살 한번 잡힙시다,뉴럭이,로맨스,https://novel.naver.com//webnovel/list?novelId=941329,"
“나쁜 놈들은 나한테 멱살 한 번씩 잡혀야지!” 대중을 분노케 하는 역대급 나쁜 놈들의 멱살을 잡으며 특종 기자로 승승장구하던 서정원. 지성, 미모, 재벌 3세 남편까지 완벽한 인생이었다, 남편의 내연녀가 죽은 채 나타나기 전까지. 내연녀의 존재만으로도 기가 막히는데 살인범으로 의심받기 시작한다. 이 난관을 헤쳐나가기 위해 필요한 건 바로 지저스! 얼결에 파트너가 된 형사 태헌과 진실을 파헤치기 시작한 정원. 과연 절체절명의 위기에서 벗어날 수 있을까?
더보기
",74,220000,9.87,428,621,14
나 홀로 지배자,강판,현판,https://novel.naver.com//webnovel/list?novelId=970358,"
멸망을 앞두고 태상은 알 수 없는 힘에 의해 이세계로 빨려 들어간다. 
수십 년 동안 개고생을 한 끝에, 마침내 대륙을 평정하고 지배자가 된 태상. 
이제 좀 편하게 살아보려는 찰나에 갑자기 지구로 귀환한다. 

헌터의 시대. 바로 그 시대로 한 대륙의 지배자였던 태상이 지구에 귀환한다. 

“이런! 다시 시작이야? 그래. 어디 해보자고.”
더보기
",213,2210000,9.81,346,645,10
적국 황제의 침실로 잡혀갔다,유리처럼,궁중로판-소유욕/집착-운명적만남-황녀-황제-달달한-술술읽히는-로판,https://novel.naver.com//webnovel/list?novelId=1127602,"
입덕 부정기 거의 제로, 바로 휘감겨 물 마시듯 유혹하는 황제.

*

서탑 그림자 황녀, 패트리샤.

신탁받고 태어난 쌍생아, 태양을 품은 여아 패트리샤. 달의 기운을 품은 남아 패트릭. 

성별이 바뀌었다면 황제에 의해 죽었을 몸.

선천적으로 약한 패트릭 대신 은빛 갑옷을 입고 전쟁광 황제를 따라 전쟁 참관을 했다.

선황후를 독살한 희대의 악녀, 황비 파밀라의 계략으로 카르시크와의 전쟁을 지휘한 그녀, 적국 황제의 침실로 잡혀갔다.

“넌 누구냐?”
“죽여라.”
“갑옷을 벗겨라.”
“나는 타네 제국의 황녀다, 예를 갖춰라. 아니면 죽여라.”
“왜 자꾸 죽이래, 누가 죽인다고 했나?” 
“……내 침실에 재워라.”

그리고 황제의 얼굴이 확, 붉어졌다.

*

“누, 누구세요?”
“나? 카르시크 황제, 그대의 남편이지.”

유년부터 하르첸과의 결혼을 꿈꿨던 공녀. 율리아의 암살 지시로 흔족 사냥꾼의 독화살에 맞아 기억을 잃은 패트리샤. 

“전 폐하에 대한 기억이 없는데 이러시는 거 당황스러워요, 예를 갖춰 주세요.”

“우린 초야도 보낸 사이야. 그건 즉 둘이 할 거 다 했다는 말이지. 기억에 없다고 없던 일이 되는 건 아니고.”

천상의 조각상 같은 비현실적인 황제의 얼굴이 그녀 바로 앞으로 다가왔다. 코가 닿을 듯했다. 

“아까 하던 거, 이어서 할까?”
“하지 마세요, 전 폐하가 기억나지 않아요.”

“그래, 나를 다 잊었다고…… 다시, 처음부터 유혹할게. 네가 전쟁을 지휘한 수장이건 나를 기억하건 못 하건 내 운명인 건 분명하니깐.”

퇴폐미 짙은 녹안에 그녀의 영혼이 빨려들 것 같았다.
더보기
",133,520000,10.0,238,667,5
내 안에 축신강림,강로이,현판,https://novel.naver.com//webnovel/list?novelId=912899,"
인테르치오날레의 황제.
아버지의 죽음 이후 갖은 기행을 일삼다 37세 나이에 변방 리그로까지 내몰렸다.
그런데....

""내가 호세 카푸라고?""
  
아서는 어처구니가 없었다. 
정신을 차린 순간, 인테르치오날레의 황제였던 또 다른 기억이 머릿속에 스며들었으니까.
더보기
",231,1870000,9.64,332,506,20
원작 속 악녀와 남주를 이어 주었더니,현이경,첫사랑-나이차커플-계약관계-소유욕/집착-능력남주-환생-오해물-로판,https://novel.naver.com//webnovel/list?novelId=1117096,"
“행복해야 해. 알았지?”

자작 가문의 하나뿐인 딸 헤레나 로센티아.
18살이 되기 전까지 평범한 삶을 살아왔던 그녀는
어느 날 꿈을 통해 자신이 로판 소설 속에서 환생했다는 걸 깨닫는다.
이 세계의 진실을 안 그녀가 가장 먼저 한 행동은
바로 원작 속 악녀인 자신의 친구와 남주를 이어 주는 일이었다.

‘정말 성공할 줄이야.’

원작의 결말을 성공적으로 바꾼 헤레나는 수도를 떠나
시골에서 조용한 삶을 살 수 있을 거라 생각하며
기쁨의 눈물을 흘리고 그런 그녀의 앞을 한 남자가 다가선다.

“……왜 우는 거지?”

원작 속 악녀의 오빠이자 그녀의 오랜 첫사랑.
라베리온 공작가의 가주 카에른 라베리온.
그간 단 한 번도 따스한 곁을 내어주지 않았던
그가 오늘은 어딘가 달라 보인다.

“내 약혼자가 지금 왜 울고 있는 건지 물었어.”

과연 그녀는 사랑도, 약혼자도 버리고
원작에서 벗어난 새로운 삶을 살 수 있을까?
더보기
",120,440000,9.91,218,469,4
곧 사라질 악역을 유혹해버렸다,디클레어,술술읽히는-달달한-두근두근-유혹-소유욕/집착-매력녀-직진녀-매력남-능글남-쌍방구원-로판,https://novel.naver.com//webnovel/list?novelId=1125107,"
죽는 순간 알았다. 이곳이 소설 속이라는 것과 그녀가 한 줄짜리 엑스트라라는 것을.

어째선지 다시 살아난 그녀는 결심했다.

원작이고 나발이고, 나부터 살고 보자!

원작 시작 전에 사라지는 악역. 그것도 잔인한 그의 광증이 시한부인 내 약이 된다는 걸 알게 되었는데……

푸른 안광이 당장이라도 찢어발길 듯 빛났다.

“죽고 싶은가 보군.”

‘아니요. 살고 싶은데요.’

당장 쓰러질 거 같은 몸. 덜덜 떨리는 손으로 남자의 목을 끌어안았다.

“하아…….”

미쳤다. 미쳤어. 이 남자의 숨결조차 상쾌하다고 하면 너무 변태 같은가.

입가에 흐를 거 같은 침을 슥 닦으며 몽롱한 눈으로 남자를 올려다보았다.

넘쳐흐르는 광증에, 곧 사라질 악역이라는 것이 믿기지 않을 만큼 잘생긴 외모까지.

응, 합격. 이보다 더 좋을 순 없다.

적당히 붙어있다가 집에 돌아가야지.

.
.
.

그러나 인생은 계획대로 되지 않는 법이었다.

***

냉혹하기만 하던 그가 바뀐 것은 언제부터일까.
두꺼운 철벽은 어디다 버리고 요망하게 굴기 시작했다.

“우리 약혼할까?”

그녀의 손을 들어 올린 그가 그녀의 손바닥 깊이 입 맞추며 말했다.

“왜, 왜 이래요.”

“날 두고 어딜 가려고.”

살짝 고개를 비튼 그가 미소 지었다.
그 야릇한 미소에 혼이 나가버릴 거 같았다.

순식간에 밀착된 몸에 얼굴이 붉어지자 그의 입꼬리가 짓궂게 올라갔다. 당신, 나랑 같은 엑스트라 맞아?

왜 남주처럼 행동해!

그저 치료제인 광증이 필요했을 뿐인데,
원작 시작 전 사라지는 악역과 단단히 엮여버렸다.
더보기
",211,1600000,9.93,307,745,10
카피 헌터 도형석,이락,현판,https://novel.naver.com//webnovel/list?novelId=1046680,"
스킬의 등급이 곧 헌터의 등급이 되는 시대. 
그런데... 내가 가진 스킬이 남의 스킬을 베끼는 거라고?!
더보기
",287,3000000,9.9,267,478,4
1000일의 매니저,도원경,현판,https://novel.naver.com//webnovel/list?novelId=1080001,"
시한부 선고를 받은 십 년 차 매니저 원세강.
그에게 남은 생은 단 삼 년.
믿었던 회사와 배우에게 배신당한 그에게 완벽한 그녀가 찾아온다.
더보기
",260,2290000,9.97,275,485,13
망나니 검사가 달라졌다,안현,현판,https://novel.naver.com//webnovel/list?novelId=1108690,"
눈 떠보니 망나니더라.

승소율 94% 엘리트 변호사 김한성.
역대급 망나니 검사에 빙의하다.
목표는 오로지 복수.

""너, 딱 기다려.""

앞만 보고 달려주마.
더보기
",243,3300000,9.89,170,402,3
흰 족제비 공주님,이루이,연하남-초월적존재-환생물-걸크러시-소유욕/집착-로판,https://novel.naver.com//webnovel/list?novelId=1117107,"
수년째 이어지던 전쟁의 끝이 보이고, 드디어 마지막 전투였다.
동료 마검사인 에스펜 폭주를 막다 그와 함께 죽음을 맞이한 마리안 공주.
죽었다 생각하고 눈을 떴는데 세상은 온통 하얗기만 하다.
“뀨뀨뀨뀨!”
나, 짐승이 되었어?

*

어쩐 일인지 흰 족제비의 몸에서 다시 눈을 뜨게 된 마리안.
생존을 위해 뭐라도 먹어야 하는데, 곧 죽어도 날생선과 곤충은 비위가 약해 먹을 수 없다.
굶주린 마리안은 인간의 빵 주머니를 털다 전생의 자신과 같은 불의 힘을 가진 하델을 만나게 된다.
“……더 먹어라.”
사람 먹는 음식만 먹을 수 있으면 나는 영혼도 팔 수 있을 거 같아!
그런데.
“살이 잘 찌지 않는군.”
“도대체 언제 크는 거지?”
“족제비는 원래 이렇게 살이 잘 안 붙나?”
하델 너 족제비 확대범이었어?
그런데 그와 접촉할수록 몸속 마나가 늘어난 게 느껴진다.
어떻게 하면 마나를 흡수할 수 있지? 이것저것 시도하다가.
“넌 누구지?”
하델의 입술을 훔치다 인간이 된 모습을 걸려 버렸다!
더보기
",120,510000,9.89,234,462,3
마탄 쏘는 백작가 망나니,준강,판타지,https://novel.naver.com//webnovel/list?novelId=1083226,"
몬스터를 처치하다 동료에게 배신을 당한 특수부대 요원 K

눈떠 보니 이세계의 백작가 망나니, 아더 율리우스가 되다

“이번 생은 평화롭게 살고 싶다.”

그러나 가문을 집어삼키려는 쓰레기들의 음모
“날 건드린다면 모조리 죽여 주겠다.”

아더, 패황의 길을 향해 총을 빼 들다!
더보기
",444,2910000,9.92,206,593,6
기억을 읽는 보험조사관,공대,현판,https://novel.naver.com//webnovel/list?novelId=1031880,"
강력계 경찰 강준, 보험조사관 박강준이 되어버렸다.
회귀 전, 자신을 죽음으로 몰고 간 자들을 쫓으며 강준은 점차 보험조사관으로서 능력을 보여주는데....
전직 경찰의 노련함과 기억을 읽는 능력으로 모든 보험사기를 파헤친다!
더보기
",250,2280000,9.85,296,504,8
내 남편이 달라졌다,서담연,로판,https://novel.naver.com//webnovel/list?novelId=1117112,"
죽은 줄로만 알았던 남편이 장례식장에서 되살아났다.
그것도 과거의 기억이나 예법, 말과 검술까지 모조리 잊은 상태로!
그런 그가 유일하게 반응하고 집착하는 상대는 아내인 아델하이트 뿐이다.
사람이 죽다 살아나면 변한다고 하지만, 이건 변해도 너무 변했다.

“왜… 제게 이렇게 잘 대해주세요?”
“내, 부인.”
“…나중에 분명 저를 이리 안으신 것을 후회하실 터인데.”

얼굴만 봐도 끔찍하다는 듯 찡그리던 사람은 어디로 가고, 그녀를 안아 들기부터 바쁘다.

“이, 이렇게 옷을 잡아당기시면, 대공, 이건 예법에 어긋나서….”
“그럼 가르쳐 주세요.”
“예?”
“예법에 무엇이 어긋나고, 무엇이 어긋나지 않는지. 부인께서 가르쳐 주세요.”

그 순간, 아델하이트는 생각했다.

내 남편이 달라졌다.

그것도 아주 심각하게.
더보기
",165,1180000,9.94,326,690,7
다정한 남주를 흑화시켰다,구름에 숨은 달,서양로판-집착남-회귀물-계약관계-흑화-로판,https://novel.naver.com//webnovel/list?novelId=1125113,"
난 2왕자 체스턴 클리프턴을 죽인 나쁜 년이였다.

언니의 모략에 넘어가 체스턴을 죽게 한 난 얼마 가지 않아 죽음을 맞이했다.

다시 돌아온 삶.
지난 과오를 바로잡고 싶었다.

그저 신뢰를 기반으로 한 계약.
그를 살리기 위한 약혼일 뿐이었는데.

""그렇게 내가 싫었나? 도망칠 정도로?""

우리는 계약 관계일 뿐이라던 그가 달라졌다.

""그런데 말이야, 위트니 양. 짐승에게 뒷모습을 보이지 말라는 소리, 못 들어봤나?""

내 목을 천천히 쓸어 내리며 그가 속삭였다.

""물어뜯고 싶어지잖아.""
더보기
",138,510000,9.75,201,555,6
지니어스 라이프,잔영,현판,https://novel.naver.com//webnovel/list?novelId=876198,"
세상에 우리가 알지 못하고 무심코 지나가는 수많은 일들 가운데 아주 사소한 것이 변한다면.
이 세상은 과연 어떻게 변할 것인가? 
그리고 여기에 한 천재 소년이 있다. 
우리가 사는 역사에서는 한 고아 소년으로 그대로 삶을 살아가다가 평범한 인생을 마주할 그런 소년이 말이다. 
이 소년에게 미국이라는 거대한 기회의 땅이 펼쳐진 순간. 
이 세상의 현재는 어떻게 바뀌어 있을까? 
베이징에서 나비 하나가 펼친 날갯짓이 시간이 지나 텍사스의 토네이도가 될 수 있을까? 
 
이건 나비의 날갯짓이 토네이도가 되는 그 이야기이다.
더보기
",201,1880000,9.93,374,626,8
짝사랑은 끝났으니 알아서들 하세요,스크류뿅뿅,타임슬립-소유욕/집착-후회남-계략남-걸크러시-로판,https://novel.naver.com//webnovel/list?novelId=1117097,"
목숨과 맞바꿔 짝사랑을 잘라 냈다. 이제 그에게 더는 마음을 주지 않아도 된다는 것만으로도 에티엔은 제 억울한 죽음을 받아들였다.

그런데 시간이 되돌아왔다. 이제 겨우 그에게서 벗어났다고 생각했는데 다시 그 시간이 반복되려 하고 있었다.

“다신 그렇게 살지 않아.”

에티엔은 절대로 과거의 자신으로 돌아갈 마음이 없었다. 그런데…….

“함부로 흘리고 다니면 안 돼. 내가 미쳐 버리잖아.”

오랜 짝사랑을 끝냈더니 그의 짝사랑이 나로 바뀌었다. 그것만으로도 기가 찰 일인데 또 다른 이가 나타났다. 이전의 시간에는 없었던 이가.

“나도 있잖아. 나를 봐 줘.”
더보기
",120,530000,9.89,194,449,3
공작가의 남장 하인이 되었다,메이비Y,계약관계-걸크러시-소유욕/집착-로판,https://novel.naver.com//webnovel/list?novelId=1117113,"
흑막 공작에게 몸 정, 맘 정 다 주고 이용 당하다 죽는 하녀에게 빙의 했다.
본래 공작가의 하녀가 된 로젤리아는 공작의 장기 말로 이용되다가 남주인 황태자에게 발각되어 사형 당하는 운명.

그녀는 흑막 공작의 눈에 띄지 않기 위해 남장을 하기로 한다.
어라... 그런데... 왜....!! 
남장을 했는데도 데려가는 거야?!
어쩌다 보니 공작가의 하녀가 아닌 하인이 되어버렸다?


***


“공작님……?”

그의 뜨거운 숨이 이마로 쏟아지는 게 느껴졌다. 
이렇게 붙어 있다가는 천으로 꽁꽁 감싼 가슴을 공작에게 들킬 것만 같아 심장이 미친 듯이 뛰었다.

“내가 말했지, 안토니오. 난 숨겨놓은 건 귀신같이 찾아낸다고.”

마치 천에 둘둘 둘러싸인 그녀의 가슴을 말하는 것 같아 등줄기에 식은땀이 맺혔다.
클라우스의 뜨거운 입술이 그녀의 귓가에 닿을 듯 가까워졌다.

“네가 뭘 숨기고 있는지 알아야겠어.”

그의 숨결이 닿은 귓가와, 그와 얽히듯 접 붙은 허벅지가 데인 듯 뜨거웠다.
로젤리아는 꿰뚫을 듯 바라보는 클라우스의 남색 눈동자를 혼란스럽게 마주 보았다. 
긴장감으로 팽팽하게 당겨진 보이지 않는 실이 그와 그녀 사이에 아슬아슬하게 걸려있는 기분이었다.
로젤리아는 매우 곤란하고도 난감한 상황에 속으로 절규했다.

이봐요, 공작님. 정말 남자여도 상관없는 건가요?
더보기
",200,1490000,9.91,265,657,3
폭군의 시한부 소꿉친구,은해윤,친구에서연인-후회남-소유욕/집착-몸정>맘정-상처녀-로판,https://novel.naver.com//webnovel/list?novelId=1113876,"
그는 내가 봄에 죽었으면 좋겠다고 했다.
그래야 내 무덤에 놓을 수 있는 꽃이 늘어날 테니까.
그는 나의 하나뿐인 소꿉친구였고, 나는 그의 첫사랑이었다.
우리의 비극은 한 가지.
내가 15살에 죽어야 하는 시한부였다는 것이다.

그러나 나는 어째서인지 10년을 더 살아남아,
어느 폭군의 하룻밤 장난감으로 던져졌다.

그런데 왜일까.
폭군의 얼굴이 이토록 익숙한 것은.

“그것들이 이번에는 인형을 잘 찾은 것 같군.”

나를 장식한 봄의 꽃들과,

“내 곁에 있는 동안 너는 로웰이다.”

그가 부르는 나의 이름.

10년 만에 다시 만난 그는, 죽었다고 알려진 나를 잊지 못하고 있었다.
우스운 일이었다.
정작 나는 그를 죽이러 돌아왔는데 말이다.
더보기
",120,370000,10.0,277,576,7
돈의 왕,장호,미스터리,https://novel.naver.com//webnovel/list?novelId=876194,"
12살의 어느 날, 명우는 아버지와 함께 간 증권거래소에서 파도처럼 요동치는 숫자들과 사랑에 빠진다. 그 후로 명우는 황홀한 돈의 세상에 뛰어들기로 결심한다. 
하지만 20살을 갓 넘길 무렵 IMF 외환위기로 증권사 지점장이던 아버지가 죽음을 맞이하고, 명우는 그 죽음 뒤에 국제적인 금융마피아의 우두머리 스노우가 있다는 사실을 알게 된다. 
스노우를 추적하기 위해 명우는 더 큰 돈의 세상으로 뛰어든다. 
그리고 마주하게 되는 스노우의 거대한 음모와 비밀. 
명우는 흑막 뒤에 가려진 스노우의 정체를 밝히고 복수를 완성할 수 있을까?
더보기
",101,60000,9.92,316,579,12
아빠가 누구라고요?,정은금,순정남-몸정>맘정-소유욕/집착-육아물-책빙의-로판,https://novel.naver.com//webnovel/list?novelId=1125118,"
“얘가… 내 딸이라고?”

로판 속 악녀 셀레스트 아이샤 루이제트에게 빙의한 지 6개월.
원작이 시작되기 전에 조용한 시골 마을로 도망 와 재력, 권력, 매력을 누리며 평화롭게 살던 어느 날.
내게 숨겨진 아이가 있다는 것을 알게 되었다.

""부부빠?""

쏟아질 것같이 커다란 눈에, 깨물어 주고 싶은 볼살.
머리부터 발끝까지 깜찍함으로 중무장한 돌배기 아이가 내 딸이라니?
그런데 더 큰 문제는….

“발레리가 내 아이입니까?”

날 죽일 예정인 남주이자 알브레히트 대공, 카를이 아이의 아빠로 추정된다는 것이다.
말도 안 돼, 원작에 이런 내용은 없었잖아!

나는 애써 현실을 외면해 보려 했지만,
잘생긴 눈을 번득이며 말하는 그와 해맑은 아이의 외침에 인정할 수밖에 없었다.

“그 밤까지 잊었다고 말하지 마십시오. 나는 단 한 순간도 잊은 적 없으니까.”
“파파!”

이 남자가 내 아이의 아빠라는 것을.
더보기
",194,590000,9.91,196,516,2
악역 꿈나무의 언니가 되었습니다,불탄소,로판,https://novel.naver.com//webnovel/list?novelId=1099143,"
“아들을 낳아 준다 하지 않았나?”

가족들에게 이용만 당하다 죽는 주인공의 언니가 되었다.
막내를 구하기 위해 황제와 결혼했는데, 황제가 이상하다?

“……아, 그게 나, 낳는다곤 안 했는데요?”
“그래? 그러면 이제 나를 따라 하도록 해.”
“네……?”

와인에 취한 건지 끈적하게 다가온 그는 내 머리칼을 손으로 쓸었다.

“내 아들을 낳겠다고.”
“…….”
“알아들은 걸로 하고 침대로 가지.”

되게 재미없는 진부한 프러포즈인데요? 하지만 이 남자, 좀 위험하다.
거기에 막내와 이 남자의 아들까지…… 가짜 가족들이 내게 집착하기 시작했다?
더보기
",151,370000,9.83,220,467,8
미친 악당과의 계략적 결혼 생활,차그믐,로판,https://novel.naver.com//webnovel/list?novelId=1125120,"
남주가 여주에게 절절하게 매달리는 후회물속에서 환생했다. 그런데 여주는 아니고.......

“우리 결혼 1년만 더 미뤘으면 하는데.”
“.......”
“아. 그리고 내일 만나기로 한 거 말이야. 갑자기 급한 약속이 잡혀서 못 만날 거 같네.”

남주에게 버려지는 조연 로엘 이벨르로!

가차없이 버려지는 신세도 서러운데, 2년 뒤 원작 속 악당과 약혼할 운명이다. 어디 그뿐인가. 약혼한 직후, 악당이 반역을 시도하는 바람에 악당과 함께 처형 당하는 것으로 인생을 마감한다.
그 모든 것을 알고 있던 나는 최대한 원작을 지키다 내가 원하는 때에 원작에서 하차하기로 마음먹었다.

그런데...... 그만 악당을 구해버리고 말았다?

***

땡전 한 푼 없이 도망치려다 악당에게 설득당해 계약 결혼했다. 하지만 이 계약 결혼도 오늘부로 끝이다.

‘드디어 원작에서 하차하는 거야.’

그렇게 대공성을 떠나려는데 소설 속 악당이자 내 가짜 남편, 레우스가 내 앞을 가로막는 것이 아닌가.

“짐은 내려놓고 이만 잠에 드는 게 좋겠습니다, 로엘.”
“레우스. 잊은 모양인데 오늘이 그날이에요. 제가 항상 말하던 벨리아타로 떠나는 날이요.”
“압니다.”
“네, 오늘이...... 네?”
“로엘. 벨리아타로 향하는 배는 앞으로 뜨지 않을 겁니다. 영원히.”

레우스가 내 볼을 지분거리며 말을 이었다.

“혹시라도 괜한 희망을 품을까 봐.”

나를 배신할 거라고 생각지도 못했던 내 가짜 남편에게 배신당했다.

저한테 왜 이러시는 거예요, 악당님!
더보기
",135,930000,9.88,143,374,0
나 혼자만 모든 직업,재시작,현판,https://novel.naver.com//webnovel/list?novelId=1086225,"
2020 지상최대공모전 수상작!

-직업? 굳이 하나만 고를 필요 있어?

100층탑을 클리어하기 위한 최고의 직업은 무엇일까?
전사? 마법사? 도적? 성직자? 그것도 아니면 대장장이?
사실, 정답은 정해져 있다.

‘모든 직업.’

검술, 마법, 자물쇠 따기, 격투, 연금술 포션 제작, 소환술, 무기 제작 등등.
못 하는 게 없는 최강의 만능 플레이어 강은혁!
치밀하고 통쾌한 전략으로 랭커들을 짓밟고 직업을 흡수하며 탑을 공략한다!
더보기
",434,5810000,9.93,254,654,4
커피 뽑고 레벨 업!,금생,현판,https://novel.naver.com//webnovel/list?novelId=1012541,"
튜토리얼 탑의 최강자이자 탑의 유일무이 카페, 탑 커피(Top Coffee) 카페의 주인 정성호. 모든 사람들은 지구로 귀환하고 10년을 홀로 보낸 그가 지구로 갈 결심을 한다. ""커피가... 커피가 없어!"" 그가 지구로 귀환한다! [추출에 성공했습니다.] [레벨이 상승했습니다.] 커피만 뽑아도 레벨이 오른다고? 그런데 그 커피가 버프까지 줘...? 마약 같은 커피를 파는 이곳! 어서 오세요. 귀환자의 커피는 특별합니다.
더보기
",200,1640000,9.84,293,396,11
부재의 시간,방구석리,미스터리,https://novel.naver.com//webnovel/list?novelId=949760,"
“위층에 올라간 아내가 사라졌어요. 위층 남자가 살인범일지도 몰라요!” 
어느 날 아내가 연기처럼 사라진 남편. 
“마치 죽어도 상관없는 사람 같잖아.” 
연달아 벌어진 섬뜩한 자살 사건 앞에 선 형사. 
각기 다른 장소에서 벌어진 두 가지 사건이 이도건설이라는 하나의 공통분모 아래 묶이면서 충격적 실체가 드러난다. 
추악한 인간의 양면성이 창조한 악마들이 도시를 활보하기 시작하고, 반전의 반전을 거듭하며 밝혀지는 무서운 진실. 
과연 이들은 괴물에게서 벗어날 수 있을까.
더보기
",94,30000,9.93,357,575,16
게임마스터,둥치,판타지,https://novel.naver.com//webnovel/list?novelId=1051340,"
반복되는 무료한 일상 속에서 운명처럼 찾아온 게임.
 
[히어로즈 데스티니]
 
10년 동안 파고든 끝에 마침내 클리어했지만, 남은 것은 이제 평범한 일상으로 돌아가야 한다는 허무함뿐이었다.
 
그때 새롭게 떠오른 메시지.
 
[새로운 모험을 원하십니까?] 
[예/아니오]
 
그는 몰랐다. 
정말로 낯선 장소에서 낯선 몸으로 눈을 뜨게 될 줄은.
 
‘기억해. 이제 나는 칼릭스 슈체친이야. 그리고…… 이 세계의 주인공이 되겠어!’
더보기
",315,4820000,9.86,214,505,6
자고 일어나니 유부녀,지미신,회귀물-타임슬립-계약관계-소유욕/집착-츤데레남-로판,https://novel.naver.com//webnovel/list?novelId=1139613,"
목숨과 재산을 지키기 위해 가사 상태에 빠졌더니, 동생이 나를 팔아넘겼다.

“저기, 누구세요?”
“……일단은 그대의 남편인데.”

의식이 없는 여자를 부인으로 들인 괴짜는 이 나라 최고의 기사, 드래곤의 후예, 시더 그레니트.
위협적인 흑표범 같은 남자인 줄 알았더니, 이 남자 잔소리꾼이다?

“은근슬쩍 채소 남기지 마.”
“오래 살려면 운동해야지.”

운동은 무슨. 마법 지식은 있지만, 마력을 잃은 나는 오래 살고 싶지 않단 말이야.
그런데 이 남자, 드래곤의 후예라더니 마력이 심장에서 폭포수처럼 쏟아진다? 게다가 입을 맞추면 그 마력이 나에게 전달도 되는데?

“입술 좀 대 봐요.”
“내, 내 입술로 뭘 하려고?”
“입맞춤만 해도 이렇게 좋은데, 좀 더 농밀한 접촉을 하면 더 좋겠죠?”
""이, 이 여자가 진짜!”

당신, 내가 좋다면서! 그럼 아무 문제 없잖아. 우리 뽀뽀나 하자고!
더보기
",120,370000,9.91,170,541,1
은퇴한 절대자의 만물상점,김종혁,현판,https://novel.naver.com//webnovel/list?novelId=1058958,"
나는 은퇴 후 장사를 해보기로 했다.
더보기
",259,3940000,9.86,327,579,9
황후 애첩 스캔들,은려원,판타지로맨스-연하남-짐승남-상처녀-악마-연상연하-조력자-로판,https://novel.naver.com//webnovel/list?novelId=1117106,"
“사랑은 개 같은 거야.”

더없이 사랑했던 남편의 검이 내 척추뼈를 가른 순간.
주마등처럼 떠오른 건 언니들의 조언이었다.

“나는 너를 저주한다, 너를 사랑했던 모든 순간이 내게 치욕이야.”

지옥을 다스렸던 강력한 악마는 죽었고,
지금은 황제가 된 전남편의 시한부 아내로 눈을 떴다.

「다시 악마가 되려면, 인간을 사랑하고 그 심장에 단검을 꽂으렴.」 

그 개 같은 사랑을 다시 한번 해야 한다는 운명과 함께.

***

“누구와 뭘 하시든 크게 괘념치 않겠습니다. 그러나 후사는 제 씨로 배태하셔야 할 겁니다.”
증오스러운 전 남편, 황제 엔리케.

“저는 폐하가 가장 아끼는 침실 가구이지 않습니까. 한데 어찌 저를 버리십니까.”
충성스러운 순애기사, 데릭.

“제 마법의 본질을 알아보셨을 때, 저는 태어나 처음으로 가슴이 두근거렸어요.”
시대의 마지막 마법사, 북부대공 샤일로.

“내가 늙어 보기 싫어지면 그때 죽이면 되잖아. 나는 만족하며 죽을 테니까.”
그리고 최고의 양기를 가진, 사막의 어린 전사 메르엠.

이들 중 누구의 심장에 칼을 꽂아야 할까?
더보기
",120,830000,9.88,163,328,7
엄마가 빙의했다,유은우,로판,https://novel.naver.com//webnovel/list?novelId=1117110,"
어느 날, 엄마가 이상해졌다.

“엄마가 미안해.
너무 일찍 죽어서, 진작 널 찾지 못해서......”

갑자기 보니타를 껴안고 펑펑 울어버린 엄마는
급기야 이상한 소리를 하는데.

“보니타, 사실 넌 공작님의 하나뿐인 딸이란다.”

‘우리 엄마, 술을 너무 많이 마셔서 머리가 이상해진 게 아닐까?’

보니타는 진심으로 어머니가 미친 게 아닌지 걱정됐다.

“이 아이가 내 딸이라고?”

설상가상으로 막상 찾아간 공작님은, 보니타와 닮은 구석이라곤 없었다.
그런데 공작님이 자신을 보자마자 꼭 안아주는 게 아닌가.

“닮았군. 엘로디와, 정말로......”

평범한 시골 소녀 보니타에게 무슨 일이 일어나는 걸까?

***

“내 앞에서 죽은 아내의 흉내를 내다니. 간도 크군.”
“앗, 잠깐, 흑…!”
“더 이상 허튼짓을 했다간 이 손목을 부러뜨려 버릴 테니, 그리 알아.”

그 진심 어린 협박에, 아리아가 미간을 좁힌 채 말했다.

“해 보세요.”
“못할 것 같나?”
“분명, 언젠가 후회하게 될 걸요.”

왜냐하면,
공작이 그토록 사랑하는 ‘죽은 아내’ 엘로디가
바로 그녀였으니까.
더보기
",120,660000,9.8,163,344,6
"만수무강하세요, 폐하 저는 빼고요",유서안,서양로판-무심녀-뇌섹녀-능력남주-순정남-계약관계-오해-환생-대공-로판,https://novel.naver.com//webnovel/list?novelId=1113875,"
천재 재상이자 무패 장수로서 칭송받던 이백련의 말년은 비참했다.
온 삶을 다 바쳐 충성했던 황제에게 버림받고 자결했으니.

“다시는 폐하와 옷깃조차 스칠 일이 없기만을 바라나이다.”

그것 하나만을 간절히 바라며 목숨을 끊었는데.

“내가 먼가 뎐뎐생에서 킁 달모슬 항 게 분멍하디.(내가 뭔가 전전생에서 큰 잘못을 한 게 분명하지.)”

눈 떠 보니 그녀는 3살짜리 어린아이로 환생해 있었다.

이왕 이렇게 된 거, 두 번째 삶은 영웅 따위는 되지 말고 안락하고 여유로운 삶을 누려야겠다.
그런데…….

“그래. 무엇을 원해? 호수를 파서 복숭아 주스로 가득 채워줄까, 나무마다 쿠키를 매달아 새들이 쪼아 먹게 해줄까.”

분명 처음 보는 대공에게서 왜 익숙한 폐하의 기운이 느껴질까.
이번이야말로 남에게 휘둘리지 않는 나만의 삶을 살리라. 그렇게 결심했건만.

“왜. 이번에도 목을 매려고? 안 되지. 그대는 언제나 짐의 것이었는데, 두 번째 삶이라고 다를 것 같았나?”

……그런데, 그게 쉽지 않을 것 같다?
폐하. 만수무강하시고, 저는 그만 놓아주세요.
더보기
",187,530000,9.93,244,577,8
기사를 선택하는 법,사소금,기사/기사단장-재회로맨스-당돌여주-발랄여주-무심남-츤데레남-운명적만남-힘숨찐-술술읽히는-서양로판-로판,https://novel.naver.com//webnovel/list?novelId=1139615,"
이동마법의 실수로 떨어진 낯선 숲. 
하지만 제이드에겐 더 큰 문제가 있었으니, 

“꿈일 거야. 아니, 꿈이어야 해…."" 

마법사에겐 생명과도 같은 마력이 모두 사라졌다는 것.
덕분에 숲지기와의 강제 동거가 시작되었다!

사생아란 이유로 가치 증명에 급급했던 삶. 
정작 마법을 잃고 하는 일이라곤 조잘대기, 일 벌이기, 사고 치기뿐이지만 그걸로 충분했다.

“모자 끈 제대로 묶어.”
“넌 너무 조심성이 없어.”.
""날 믿는다고 했잖아, 제이드.""

비워야만 도리어 채워지는 게 있으니까.

하지만 일순 절 삼키려던 몬스터 앞에서 무력해졌을 때,
그가 도끼 대신 검을 들며 당연한 듯 소리쳤을 때,

“도망가. 달리라고, 제이드.”

숲에 온 후 처음으로 생각했다.  
무엇을 주어도 좋으니 마법을 되찾고 싶다고.
이 순간 도망치지 않고 그를 지킬 수만 있다면.

* * *

인사도 없이 돌아와야 했던 숲 바깥의 삶.
그리고 다른 사람인 척 낯선 이름을 달고 나타난 남자.

“앞으로 잘 부탁하지, 제이드 경.”

한때는 별 같다고 생각했던 그의 회색 눈이 낯설게 빛났다.
놓쳤던 사냥감을 찾아낸 사냥꾼처럼.
더보기
",131,1410000,9.99,283,562,14
내 남편을 죽여 줘,가람달,판타지로맨스-회귀물-계약관계-로판,https://novel.naver.com//webnovel/list?novelId=1132947,"
“제 남편을 죽여 주세요.”
“거절하지.”

고결한 귀부인, 모든 여인의 우상, 아름다운 원앙.
에르디 가문의 후작 부인, 루드밀라의 제안은 도발적이었다.

제국의 암 덩어리이자 복속된 야만인의 우두머리 아덴에게도 당황스러울 만큼.
그리하여 그가 제안을 거절한 결과는 그녀의 죽음이었다.

***

다시 눈을 뜬 루드밀라는 죽기 한 달 전으로 돌아와 있다.
무언가를 되돌리기에 짧은 시간, 그녀는 생존을 위한 선택을 해야 했다.

“절 품어 주세요.”

그렇게 다시 한번 시작된 아덴과의 거래.

“이곳에서 머무는 동안 책임져 줄 테니 날 팔아먹어.”

과거와 달리 그는 그녀를 위해 위험한 길을 걷는 것도 마다하지 않는데…….

“남편을 죽여 주면 당신을 가질 수 있는 건가?”

명예를 모르는 그들은 집요하게 얽힌 관계의 끝을 향하여 자신을 내던지고야 만다.
더보기
",141,300000,9.88,149,467,2
내 모든 처음은 너,유밀크,현대로맨스-운명로맨스-재회로맨스-상처남-순정남-운명적만남-재회-첫사랑-친구에서연인-달달한-로맨스,https://novel.naver.com//webnovel/list?novelId=1108682,"
줄곧 기다려왔던 순간은 아무런 예고도 없이 찾아왔다.

이하루. 네 모든 걸음, 내게로 걸어오는 한 순간도 놓치기 싫어서 집요하게 바라봤다.

그 순간, 내 안에서 지독했던 그리움이 처절한 원망으로 변해가는 것이 느껴졌다.

9년 전, 네가 날 떠나자마자 찾아온 여름. 햇살이 밝게 비쳐올수록 바닥을 모르고 꺼져 내려가는 듯했던 날들이었다.

늦봄에서 여름으로 이어지는 찬란한 계절이 그렇게 내 안에서 꺼져갔다.

그러니까 이 기억과 이별하기 좋은 시기였다.

그래서 널 뜨겁게 사랑했던 그 시절의 나를 깔끔하게 배신하고 싶었다.
더보기
",140,270000,10.0,363,722,16
튜토리얼 탑의 고인물,방구석김씨,판타지,https://novel.naver.com//webnovel/list?novelId=1046681,"
12년 동안 탑에 갇혀 있던 고인물을 아는가?
더보기
",449,36700000,9.91,315,679,11
FFF급 건물주,켠우,현판,https://novel.naver.com//webnovel/list?novelId=1031879,"
세계 최초. SSS급도 아닌 FFF급 능력자가 등장했다.
건물주라는 능력으로.
더보기
",250,2050000,9.8,216,349,5
에이스 히어로,원랑,현판,https://novel.naver.com//webnovel/list?novelId=994965,"
[소원을 말해요~ 소원을 말해요~]

달콤한 기계음에 영웅이 답했다.

“야구! 야구를 잘하고 싶어!”

[야구, 야구를 잘하고 싶어! 소원 입력합니다! 시스템 작동합니다!]

NPC 도우미와 함께 하는 긴 야구 여정.
메이저리그에서 부상을 입고 방출된 선수가 <야구의 신>을 만나 메이저리그를 정복하는 이야기.
더보기
",215,1720000,9.59,135,243,5
은혜를 원수로 갚을 예정입니다,함초롱,회귀물-계약관계-초월적존재-서양로판-걸크러시-로판,https://novel.naver.com//webnovel/list?novelId=1117102,"
한때는 좀도둑이었고, 한때는 하녀였던
로렌스트 백작가의 양녀, 이그레인 로렌스트.
그녀는 소꿉친구인 휴버트 로렌스트를 연모하여 그에게 충성했다.

“이그레인 로렌스트. 야만인과 내통하여
로렌스트 가문의 성문을 연 죄가 가볍지 않다.”

모함으로 단두대에서 목이 날아가기 전까지는.

물의 정령 레오의 힘으로 과거로 돌아온 이그레인은
그들에게 두 번 다시 짓밟히지 않겠다고 다짐한다.
그리고 사막의 강대국 도베라칸의 5황자 지오반니에게 접근하는데.

“누구냐, 넌.”

압도적인 존재감을 내뿜는, 도베라칸의 5황자 지오반니.
그를 보는 순간 눈앞에 금빛이 반짝였다. 
황금빛 미래를 상상하며 그녀는 결심했다.

‘적어도 휴버트 로렌스트라는 썩은 줄을 버리고 갈아탈 만큼은 되겠지.’

지오반니라는 황금 동아줄로 갈아타서 살아남기로.
더보기
",177,430000,9.8,132,343,6
신데렐라에게 복수당하는 중,오소리국밥,로판,https://novel.naver.com//webnovel/list?novelId=1117105,"
‘왕자비가 된 플로리아는 비둘기를 보내 언니들의 눈을 쪼아 멀게 했습니다’
에서 ‘언니들’중 하나인 르네올라 비올렛에 빙의했다.

그것도 하필 왕자가 플로리아의 발에 유리구두를 신기는 장면에서!

이제 남은 건 비둘기한테 눈 파먹힐 엔딩뿐이라 얼른 튀려는데,
날 궁으로 부른 플로리아에게 심장을 담보로 잡혔다.

언제 죽을지 모를 하루살이 신세에서 벗어날 방법은 심장을 되찾는 것뿐.

“플로리아 님, 오늘도 눈이 부시도록 아름다우세요!”

난 호시탐탐 심장을 되찾을 기회를 노리며 오늘도 열심히 딸랑이를 흔들었다.

그런데 나보고 1왕자궁에 스파이로 들어가라고?
눈만 마주쳐도 칼을 뽑는다는 미친 살인귀한테?

난 어떻게든 살아남겠다는 의지로 그에게 좋아한단 거짓말까지 쳤는데…….

‘네가 왜 여기서 나와?’

틈만 나면 나타나 능글맞은 태도로 사람 속을 뒤집던 암흑 길드장이
1왕자 카힐른 더 힐릭이었다니.

문제는 이 남자가 내 속셈을 다 알고 있다는 거다.

하하, 망했구나 싶은데 카힐른이 그린 듯 잘생긴 입꼬리를 말아올렸다.
날 좋아한다고?

“어디 맘껏 유혹해봐.”

요사스럽게 눈을 휜 그가 진득하게 시선을 맞추었다.

“기꺼이 넘어가줄 용의가 있으니까.”

유혹해보라더니 유혹을 하는 카힐른으로 인해 심장이 남아나지 않던 어느 날,
착한 척하던 플로리아가 본색을 드러냈다.
플로리아는 해사하게 웃는 얼굴로 날 위협했다.

“언니 목숨이 내 손에 있는 걸 자꾸 잊으시는 것 같아요.”

그 순간, 언제든 날 죽일 수 있는 그너에게서 벗어날 방법은 그녀가 주인공인 이 원작 소설을 무너뜨리는 것뿐이라는 걸 깨달았다.
더보기
",125,670000,9.69,184,312,3
가짜 구원자를 버리겠습니다,슈가자몽,계략남-소유욕/집착-구원물-로판,https://novel.naver.com//webnovel/list?novelId=1102243,"
‘위대한 윈저’라 불리는 윈저가의 공녀 유리시엔.

“절 사랑한다면 어렸을 적, 호수에 빠진 절 구했던 그 마음으로 한 번만 더 살려 주세요.”

구원자라 믿어 의심치 않은 연인과 입을 맞춘 유리시엔이 간청했다.
그러나 모든 것을 아는 것처럼 보이는 그는 이렇게 말했다.

“내가 그걸 어떻게 해?”

* * *

모든 것이 절망스럽고 무력한 순간, 구원은 또 다른 곳에서 나타났다.
실종되었던 아버지를 함께 찾아 준 길드장이 타고난 오만함으로 말했다.

“네게 한 가지 제안을 하러 왔어.”
“제안?”
“나와 결혼하자.”

찬란한 금발, 어릴 적 자신을 구했던 이와 똑같은 빛깔을 가진 남자가 손을 건네 왔다.
저와 결혼하고, 너를 기만한 자를 부수자고.
더보기
",121,590000,9.82,150,326,3
던전 씹어먹는 아티팩트,제로워터,판타지,https://novel.naver.com//webnovel/list?novelId=1012545,"
던전 탐험가로서 평탄한 삶을 이어가던 도중, 일국의 왕자가 꾸민 계략에 의해 목숨을 잃게 된 스테치 아텔리어.
죽음의 문턱을 넘어 두 번째 기회를 거머쥔 그는, 일생 일대의 복수를 위한 기나긴 여정을 시작한다.
더보기
",203,2630000,9.86,272,478,10
화무십일홍(花無十日紅),동련,무협,https://novel.naver.com//webnovel/list?novelId=1125134,"
정의(正意)를 부르짖으며 모였던 명문정파의 무림인들은 그 어디에도 없었다. 
 오직 욕심에 눈이 벌게져 서로를 짓밟는 악귀들만이 가득할 뿐.
 강호에 피바람을 몰고 온 경전, <해심밀경소(解深密經疏)>. 세상의 모든 권력과 재물을 쥘 수 있다는 전설의 책으로 인해 운선(雲仙)은 하루아침에 사랑하는 이들을 모두 잃는다. 이제 그는 해맑고 순수했던 과거의 자신을 버리고 스승의 복수를 위해 처절한 여정을 시작한다. 
화무십일홍(花無十日紅)- 재물, 권력, 그리고 사랑. 이 세상에 그 어떤 것도 영원한 것은 없다.
더보기
",209,1380000,9.94,106,371,2
남편을 죽였다,염장이,서양로판-상처녀-계략남-오해물-로판,https://novel.naver.com//webnovel/list?novelId=1127584,"
“지아비가 미쳐가고 있다면 정신 차리도록 도와드리는 게 제 의무겠지요.”

남편을 살해한 피투성이 왕세자비, 메르세데스.

“왜, 절 구하셨어요?”
“나는 그대에게 반했으니까.”

왕세자 시해죄로 죽을 날만 기다리는 그녀 앞에 대륙의 패자인 옆 나라 황제가 나타나 고백한다.

“살아 내. 당신의 원수들은 아직 살아 있으니까.”

모두가 죽기만을 바랐던 그녀에게, 난생처음 살아 내라고 말한 그는 그녀를 제국으로 데려간다.

“코르셋은 준비되어 있지 않습니다. 편한 옷만 입으시라는 폐하의 전언이 있었습니다.”

“아무 생각 말고 건강만 되찾으세요.”

그의 주변 모두가 그녀에게 지나치게 친절하다.

어쩐지 마음이 치유되는 것 같기는 한데,
황제가 무언가 숨기고 있는 것 같다.

“내 마음, 받아 주면 좋겠는데. 내 몸도 한계라서.”
더보기
",125,340000,9.95,119,328,0
악마 대공과의 계약 결혼,최고낑,서양로판-계략남-악마-계약관계-성녀-로판,https://novel.naver.com//webnovel/list?novelId=1125119,"
[한 달의 시간을 드리겠습니다. 그동안 결혼할 사내를 찾으십시오.]

돌려받지 못한 유산도 문제지만, 이상한 남자에게 팔려 가지 않으려면 당장 결혼할 상대를 찾아야만 한다.

올렌티아는 다행히 적당한 인물을 발견했다.

그는 바로 악마 대공이라 불리는 디미디우스 벨리알.

하지만 디미디우스는 완전한 악마가 되지 않기 위해서 신성력을 지닌 사람과 접촉해야 하는데.

“저와 계약 결혼할 생각이라면 제게 필요한 것도 주셔야죠.”
“그게 이런 식으로 접촉하는 거라고요?”

그의 레이더망에 딱 걸린 백작 영애 올렌티아가 새침하게 말했다.

“지금 당장 폭주할 것 같습니다. 신성력이 필요한 시점이란 말입니다. 그러니 이번에는 레이디의 손이 아니라 입술을 주십시오.”

폭주는 핑계였다. 디미디우스는 올렌티아와 더 은밀하고 깊은 접촉을 하고 싶을 뿐이었다.

올렌티아는 무척 당황했다.

계약 결혼할 상대가 스킨십을 원하는데, 어떻게 하면 좋지? 계약 결혼이니까 내외하고 싶단 말이야!

디미디우스라면 손을 잡고, 입술을 붙이고, 끝내 더한 것도 탐할 게 분명했다.

그런데 그의 목소리가 올렌티아의 가슴에 확 꽂혔다.

“계약 결혼도 결혼은 결혼입니다. 레이디.”
더보기
",125,300000,10.0,116,333,2
무한흡수로 무한성장,하스팅,판타지,https://novel.naver.com//webnovel/list?novelId=1099149,"
시스템을 이용한 함정으로 세상을 집어 삼키려고 하는 성좌.
그리고 그와 싸우던 김승현.
최후를 맞이했지만, 눈을 떠보니 각성하는 순간으로 돌아와 있었다.

""내가 그딴 호구짓을 두번이나 할거 같아?!""
더보기
",201,2490000,9.79,87,269,3
반려가 될 생각은 아니었는데요,graiyo,계약관계-다정남-까칠남-로판,https://novel.naver.com//webnovel/list?novelId=1125114,"
“나랑 약혼한 걸 후회하지 않게 해 줄게.”

한 차례 죽음을 겪은 백작 영애 리엔느.
그녀는 자신이 먼 미래에 공작의 반려 행세를 한 죄로
화형당해 죽는 꿈을 꾼다.

훗날 자신을 죽게 할 공작 리카르도는
아직 어린 데다가 백작가에 갇혀 있으니,
그를 잘 키워서 진짜 반려의 곁으로 보내 주면 되겠다 싶었는데…….

어느 날, 검술 연습을 도와주다가 우연히 그의 능력을 발현시켜 버렸다.
문제는 능력을 발현시키는 건 반려의 역할이라는 것.

‘아, 나는 망했구나. 완전히 망했어.’

이대로면 가짜 반려로 몰려서 화형 엔딩 확정이니
그녀는 시골 벽지로 도망가 숨어 살기로 결심한다.

그렇게 시골에서의 안락한 생활이 이어지는 줄 알았으나 그것도 잠시,
어느새 성인이 된 리카르도가 기어코 그녀를 찾아와서는
제 반려이니 수도로 데려갈 거라 선언하는데…….

“저를 데려가는 건 제가 공자님의 발현을 도왔기 때문인 거죠?”

“그래. 그러니 그대는 내 거야.”

“네? 그게 무슨 말씀…….”

“내 발현의 조력자니까, 그대가 내 반려일 수도 있는 거잖아?”
더보기
",145,570000,9.86,152,337,8
권좌,날아오르기,현판,https://novel.naver.com//webnovel/list?novelId=994964,"
헌정 사상 최연소 대선 후보였던 윤석은 
대선 출정식을 앞두고 측근의 배신으로 삶을 마감한다. 
고통과 분노로 가득했던 그의 눈이 떠졌을 때 맞이한 건 두 번째 삶이었다. 
 
다시 시작한다. 
대한민국의 권좌를 차지하기 위해서.
더보기
",228,1430000,9.67,208,358,8
시엄마는 회귀하기 싫어!,진은조,서양로판-회귀물-걸크러시-능력여주-회귀-귀염뽀짝-흥미진진-로판,https://novel.naver.com//webnovel/list?novelId=1117099,"
어느 날, 아들에게도 무심하기 그지없던 대마녀 귀네비어 로단테가 하루아침에 고아가 된 여자아이, 라리사를 거두기로 했다.

“데려가서……. 음, 가르치시려고요?”

윌리엄은 저 꼬마에게 어마어마한 마법 재능이라도 있는 게 아닐까 의심하고 있었다.

“아니.”

그러나 아니었다. 게다가 이어지는 대답은 윌리엄을 기함하게 했다.

“너랑 결혼시킬 건데.”

잠깐의 침묵이 흐른 뒤, 윌리엄은 가까스로 정신을 차렸다.

“네?”
“너랑 결혼시킬 거라고.”

윌리엄은 가까스로 미치셨어요? 라고 크게 소리 지르고 싶은 것을 꾹 참았다.

아니 못 참겠다. 윌리엄이 작게 소리 질렀다.

“미치셨어요?”
“…….”
“걔는 너무 어리잖아요.”
“아직 어리지. 하지만 10년은 금세 흘러갈 거야.”

귀네비어는 라리사의 이마를 쓰다듬으며 눈을 감았다. 사라진 50년의 피로가 한꺼번에 몰려오는 것 같았다.

누구더러 미쳤다는 거야. 미친놈이.
어미 앞에서 제 심장에 칼을 꽂는 미친놈이 또 있을까.

귀네비어는 한숨처럼 내뱉었다.

“넌 이 애와 사랑에 빠질 거야. 내가 말려도 듣지 않겠지. 죽음조차 너희를 갈라놓을 수 없을 거야. 죽음이 이 애를 앗아가려고 하면 네가 심장을 바쳐서라도 시간을 되돌릴 테니까…….”

윌리엄은 할 말을 잃었다.
더보기
",150,570000,9.81,189,407,14
당신의 후회가 붙잡을지라도,지헨,다정남-상처녀-오만남-집착남-후회남-전남편-회귀-트라우마-쌍방구원-로판,https://novel.naver.com//webnovel/list?novelId=1125110,"
“그 비루한 목숨으로나마 나탸샤를 내게서 앗아간 죄를 갚아.”

북부의 위세 높은 대공과 몰락한 자작가의 영애.
분에 넘친 행복이었다.

헬레나의 삶은 유진의 정부를 살해했다는 억울한 누명과 단두대의 날로 끝이 났다.
하지만 회귀는 반복되었고, 헬레나는 그를 관성처럼 사랑했다.

그렇게 닳고 닳아 4번째로 눈을 떴을 때.

“이혼해요, 우리.”
 
마침내 그에게 작별을 고했다. 제 보잘 것 없었던 생에게도.
헬레나는 깊은 바다에 몸을 가라앉히며 완전한 죽음만을 빌었다.
그런데.

“당신이 내게 가르쳤잖아. 욕망하는 것은 죄가 아니다. 원하는 게 있으면 가져라.”

누군가의 조각으로도 남지 못했던 자신을,

“잊지 않은 게 아니라 잊지 못한 겁니다. 당신은 이토록 선명한 사람이니까.”
 
끝끝내 구해 제 전부라 말하는 남자를 만났다.

* * *

“내가 당신에게 원하는 게 있을 리가 없잖아.”

얼핏 들으면 다정한 목소리였다.
그래서 유진은 덜컥 소화시키기 힘들어졌다.
차라리 도망치고 싶었다. 더는 버틸 재간이 없었다.

“내가 에버게일에서 당신을 떠났을 때, 그 때.”
“헬레나. 제발.”
“우린 이미 끝났던 거야. 그러니 이만 돌아가 줘.”

그토록 다정한 목소리로, 그렇게 애틋한 얼굴로.
 
“나는 당신을 전부 지웠으니까.”

이별을 고하면 나는 어떻게 해야 해.
더보기
",190,460000,9.19,121,375,3
좀비묵시록 82-08,박스오피스,현판,https://novel.naver.com//webnovel/list?novelId=1002528,"
어느 날 갑자기 
서울 전역에 퍼진 의문의 전염병! 
 
“이건 그냥 평범한 시체가 아니야, 괴물이야….” 
 
예고 없이 닥쳐온 심판의 그날, 
세상의 모든 질서는 완전히 리셋되었다. 
 
시체들이 점령한 죽음의 도시에서는 
저마다의 생존 경쟁이 벌어지는데……. 
 
아무도 주목하지 않았던 뜨거운 녀석들이 
반격의 신호탄을 높이 쏘아 올린다.
더보기
",449,5320000,9.83,695,868,53
절륜한 흑막의 집착을 받게 되었다,윤나로,로판,https://novel.naver.com//webnovel/list?novelId=1127586,"
“설마 정말 사랑이라고 생각했어, 멜? 그래도 조금은 똑똑한 줄 알았는데.”

반역에 성공하고 마침내 대관식이 치러지던 날이었다.
모든 걸 바쳤던 남자에게 죽임을 당한 건.

시간을 되돌릴 수 있다면 내 인생 같은 건 어떻게 돼도 상관없다. 
사랑한다는 말로 내 눈과 귀를 가리고, 나와 가족들을 죽인 그에게 복수할 수만 있다면.
내 손에 죽어간 남편을 살릴 수만 있다면.

되돌아온 것이 전생의 결혼식이라는 걸 깨달은 그날.
나는 남편과 계약을 맺었다.
황태자인 당신을 반드시 황제의 자리에 올리겠다는 약속이 담긴.

“대신 5년 뒤, 전하께서 황제가 되신 후에는 저를 궁에서 내보내 주세요.”

복수는 얼핏 순조롭게 시작하는 듯 보였다.

“나는 그대를 내 곁에 두고 싶은데, 안 됩니까?”

다시 만난 남편이 과거와 완전히 다른 모습을 보이기 전까지는!

***

“그대가 원하는 사내가 되려 노력하겠습니다.”

그러니, 아멜리아.
달큰히 귓가에 달라붙던 목소리가 점점 낮아졌다.
은밀하게 귓가를 파고들어 제게서 고개를 돌리지 말라 애원했다.

“부디 곁을 허락해 주세요.”

그가 살풋 눈을 접으며 내 머리카락을 한 줌 들어 올렸다.
그러고는 마치 보란 듯 그것을 입가로 가져가 나와 맞춘 시선을 떼지 않은 채 느릿하게 입을 맞췄다.
온몸이 발갛게 달아오를 정도로 아찔한 시선이다.

“무슨 일이 있어도, 내가 그대를 떠나는 일은 없을 테니까요.”
더보기
",164,360000,9.55,105,352,1
유부녀에게 집착하지 마시오,니웨,서양풍-계약관계-회귀-조신남-달달한-정주행많은-많이보는로판-로판,https://novel.naver.com//webnovel/list?novelId=1136675,"
나이 많은 공작과의 정략결혼,
남편의 폭력과 방치 속에서
리젤로테가 버틸 수 있었던 것은 오직 하나.

비록 피 한 방울 섞이지 않았지만
사랑스러운 세 아이들 덕분이었다.

남편의 학대 속에서 아이들을 보호하며
지내 온 지 10년.

무도회에서 만난 황홀할 만큼 아름다운 남자가
달콤한 목소리로 말했다.
오늘 밤, 남편이 죽을 거라고.

남자의 말대로 정말 남편이 죽고
리젤로테와 아이들이 해방감을 느끼는 것도 잠시
공작 위와 재산을 노린 사람들이 몰려오고

다시 나타난 신비롭고 아름다운 남자,
유제프는 자신이 ‘회귀자’임을 밝히며
거부할 수 없는 계약을 제안하는데…….

“부인의 손과 발에, 그리고 입술에
입 맞출 수 있는 관계가 된다면 족합니다.”
더보기
",176,640000,9.89,142,506,1
내 목을 비트는 구원자,백이듬,로판,https://novel.naver.com//webnovel/list?novelId=1127592,"
“왜 하필이면 저죠?”

빛나는 에든벨의 수치, 개망나니 황자 싱클레어.
그리고 아스웰드 가의 절름발이 사생아, 엘라이나.

늙은 공작의 후처로 팔려가게 생긴 엘라이나에게,
그는 누구도 이해할 수 없는 계약 결혼을 강요한다.

“네게는 이것 말고 다른 선택지가 없단 걸 알아서.”
“하지만 저처럼 시궁창 같은 인생을 사는 사람은 제국에 널렸을 텐데요.”
“누가 보아도 네가 제일 시궁창이니까.”

엘라이나는 결국 그의 제안을 받아들였고,
얼마 지나지 않아 유치한 소설처럼 사랑에 빠졌다.
감히 주제도 모르고.

그리고 알게 되었다.
왜 싱클레어가 제게 그런 제안을 할 수밖에 없었는지.
오래전, 제 다리를 망가트린 사람이 누구였는지 역시도.

“날 떠나지 말아 줘.”

이별을 고하는 엘라이나에게, 그는 개처럼 빌었다.

“차라리 내가 싫어졌다고, 두 번 다시는 용서할 수 없다고 말해. 매일 눈을 뜰 때마다. 숨 쉬는 것처럼 당연하게. 그렇게 너도 날 지옥으로 밀어 넣어.”

절대 아무것도 포기할 수 없다는 듯이.

“단, 내 곁에서. 죽을 때까지, 평생.”

하지만 엘라이나는 다짐했다.
언제나 늘, 구원의 탈을 쓰고 찾아와, 어김없이 제 목을 조르고 마는.
한때는 유일한 친구였고, 은인이기도 했으며, 사랑하는 남자였던.
또 이제는 죽이고 싶은 당신을 이번에야말로 가장 비참하게 버리고야 말겠다고.
더보기
",156,660000,10.0,110,409,2
"환생 드래곤, 아카데미 가다!",치키치키용가리,판타지,https://novel.naver.com//webnovel/list?novelId=1105621,"
[그래, 이 개 같은 인생. 내가 제대로 한번 살아주지.]

오천 년 하고도 일 년을 더 산 드래곤 로드. 라노스 알브란테.

인간으로 환생하다.
더보기
",225,1710000,9.89,130,309,1
그 대공은 모든 것을 앗아갔다,쑥쥬,서양로판-회빙환X-기억상실-도망여주-상처녀-순정남-직진남-오해-후회-재회-로판,https://novel.naver.com//webnovel/list?novelId=1117108,"
전쟁에서 패한 대가로 왕국의 멸망을 함께하게 된 하루살이 왕녀, 샤르티 크리아넷.
그녀에게 지워지지 않는 흉터와 트라우마를 함께 남겼던 제국의 대공, 레오델트 그웬드힐.

이미 끊어졌다고 생각한 악연이 4년 후 예상치 못한 인연으로 재회한다.

“기억이 안 난다. 아무것도.”

기억을 잃은 정체불명의 환자, ‘렌’.
사람들 눈을 피해 산속에 홀로 사는 의사. ‘샤’.

“기억을 찾을 때까지만. 아니면 내 이름, 적어도 이름이 기억날 때까지만이라도 나를 데리고 있어 주었으면 한다.”

<난 그쪽하고 편하게 지낼 생각 없어요.>

경계심과 호기심.
서로를 기억하지 못한 채 렌은 동정받기 위해 연기하고, 샤는 정을 주지 않으려 거리를 두고자 한다.

그러나 함께 지내는 동안 두 사람은 서로의 비밀과 아픔을 공유하게 되고, 아슬아슬하던 마음은 결국 서로를 품는데…….

“네 번째라는 게 기쁘긴 처음이군. 내가 왼손 약지라는 거니까.”

<맹세할게. 언젠가 렌이 날 잊더라도, 내가 먼저 찾아가겠다고.>

두 사람이 만난 지 1년째 되던 날.
인연이라 착각했던 악연이 다시금 되살아나고, ‘렌’은 잿더미가 되어버린 신혼집과 함께 흔적도 없이 세상에서 사라진다.
더보기
",184,360000,9.89,148,377,3
오만불손한 나의 그림자,초코냥이,몸정>맘정-소유욕/집착-후회남-상처녀-로판,https://novel.naver.com//webnovel/list?novelId=1127606,"
“내일도 저 애로 들여”

처음 벌어진 파격이었다.
블란쳇의 후계자가 같은 시동을 두 번이나 들인 것은.

안달이 난 고고한 영애들보다 더욱 눈에 띄는 평민 계집은 불손하다.

감히 모든 걸 거짓으로 뒤덮고 들어온 주제에.

“사기를 치려면 제대로 쳤어야지”

빌붙던 영애들은 제게 목적이라도 있었지.

제 앞에서는 인형처럼 웃지도 않고, 울지도 않는 불온한 목적을 품은 맹랑한 계집.
다른 놈의 앞에서는 헤프게도 웃으면서.

그래서 그는 그녀를 짓밟고 무너트렸다.

“날 위해 울어야지, 넌”

너 같은 것은 그저 저가 원하는 대로 울고 슬퍼하고 짖으면 된다.
시한부인 제 삶을 애도하면서.

찬연히 남은 생을 헤아리며 미래를 계획할 것이 아니라.
과거에 머물렀으면 한다. 영원토록.

물론 그런 것은 이뤄지지 않을 일이란 걸 잘 알고 있다.

그래도 성의는 보여야지. 내가 살아 있는 동안만이라도.
더보기
",154,510000,9.65,143,397,3
흑막들의 키워드를 바꾸면,요나,로판,https://novel.naver.com//webnovel/list?novelId=1105608,"
“……돌아왔어.”

정말로 돌아와 버렸다. 자신이 12살이던, 그때 그 시절로.
잿더미로 변해 버린 수도, 그리고 그 한가운데에서 번뜩이고 있는 다섯 쌍의 눈을 마주하는 순간 델리나는 간절히 부르짖었다.
부디, 자신에게 기회를 한 번 더 달라고.

“이게 뭐야? 예비 흑막?”

하지만 왜인지 과거로 다시 돌아온 이후, 어려진 흑막들의 머리 위로 이상한 글자가 보이기 시작한다.

“계략남, 집착남, 대형견남…… 이건 또 뭐고?”

심지어, 그 머리 위에 있는 키워드를 바꿀 수도 있다는데……?

* * *

“뭐든 좋으니까, 저도 대공가에서 후원받게 해 주세요!”

아이들을 흑막으로 만들지 않기 위해서는 가까이에서 지켜볼 필요가 있었다.
이에, 아이들을 후원했던 벨리온 대공을 찾아가 무사히 후원 시험까지 통과하게 되는데…….

“참, 아가씨 정식 후원 이름은 ‘광대’입니다.”
“……응?”

그 후원 이름이 영 이상했다.
더보기
",137,410000,9.87,178,340,7
카이사르의 아들이 되었다,민초냥이,판타지,https://novel.naver.com//webnovel/list?novelId=1090502,"
평범한 직장인이었던 나.
갑작스러운 교통사고 이후 고대 로마에서 환생한다.
근데 잠깐, 내가 누구 아들이라고?
더보기
",289,2480000,9.89,154,395,8
악마 같은 남편에게서 도망치는 법,그린글,계략남-후회남-집착남-소유욕/집착-정주행많은-많이보는로판-로판,https://novel.naver.com//webnovel/list?novelId=1139619,"
나의 가문을 멸하고, 내 아버지의 목을 제 손으로 내려친 남자.
그리고 나의 남편이 된 자, 이오안 프라이드.

그런데 그 원수의 얼굴이 내가 알던 얼굴과 너무나 닮았다.
어린 시절, 아버지에게 매질당하던 그 비천한 노예와.

“왜 네 주인을 모른 척하는 거지?”
“아, 취향이 그쪽이신 줄은 몰랐군요. 물론 기꺼이 따르겠습니다, 부인.”

죽음의 문턱에서 나를 구한 구원자이자, 나를 신앙과도 같이 섬기는 숭배자.
비참했던 제 과거를 숨기려는 기만자이자, 인간 같지 않은 힘을 가진 3구역의 학살자.

“이오안 프라이드, 그자를 조심하십시오.”

감춰진 진실을 알기 위해선 이 기묘한 남자의 정체를 밝혀내야만 한다.
하지만 정체를 파헤치려 할수록 나를 향한 그의 집착은 점점 심해져만 가는데…….

“델핀. 당신을 갖기 위해서라면, 이 하찮은 영혼 따위 몇 번이고 팔겠어.”

악마 같은 그에게서 도망치는 법을, 내가 찾을 수 있을까?
더보기
",127,330000,9.82,144,569,4
내 가시를 만지지 마세요,토오끼,로판,https://novel.naver.com//webnovel/list?novelId=1105614,"
힘들었던 시한부 인생에 종지부를 찍었다.
……고 생각했는데,
왜 고슴도치에 빙의했지?

어쨌거나 처음으로 얻은 건강한 몸!
행복한 고슴도치가 되기로 다짐하지만
그런 세실리아에게는 한 가지 문제가 있었다.
바로, 자신의 수명을 알 수가 없다는 것.

다행히 ‘백호의 수염’이라는 것만 있으면
수명이 무려 50년이나 늘어난단다.

그런데 단순히 은유적 표현인 줄 알았더니…….

“그르르르.”

진짜 백호가 나왔다.

“이걸 노릇노릇하게 구워서 오늘 내 식탁에 내어라.”

게다가 갑자기 사람으로 변하더니
날 고슴도치 통구이로 만들겠다고 선언하는 것이 아닌가!

“도망, 어차피 못 가. 방문 잠겨 있거든.”

‘안 돼! 나 사람이야! 나 죽이면 살인이라고!’
더보기
",125,310000,9.9,150,230,7
회귀한 게이머는 파멸을 거부한다,청빙 최영진,판타지,https://novel.naver.com//webnovel/list?novelId=1073925,"
광란의 메타버스 세계에서, 꿈은 사실이 되고 사실은 꿈이 된다. 
파멸 엔딩을 거부하려는 게이머의 무한 회귀 플레이. 
실존하는 세계와 내가 기억하는 세계 중, 어느 쪽을 택할 것인가?
더보기
",303,1720000,9.58,130,254,17
에덴,황미나,판타지,https://novel.naver.com//webnovel/list?novelId=835165,"
지구멸망 삼천 년 후, 어머니별 지구를 그리워하는 행성인류는 지구탐사대를 결성, 지구로 보냈다. 하지만 그들이 마주한 지구는 낯선 행성일 뿐, 어디에도 에덴의 흔적은 없다. 인간을 거부하며 분노하는 이 낯선 행성에서 지구탐사대는 무엇을 찾는 것일까. 미래일까, 그리움일까, 아니면 분노의 이유일까…….
더보기
",346,190000,9.02,710,982,81
겁도 없이,아방깨비,직진남-집착남-철벽녀-햇살여주-서양로판-로판,https://novel.naver.com//webnovel/list?novelId=1105609,"
처음부터 그에게 선택할 권리는 없었다. “이 여인은 날씨의 여신인 베르체리아고, 우리는 곧 결혼할 겁니다.” 빌어먹을 부랑자 꼴을 하고 나타나서도 그녀를 동정하지 않았다. 자신의 모든 것을 잃게 한 그녀와 결혼을 결정하기까지 했다. 분명 이기적인 자신의 선택이라고 믿었다. “나는 지금 당신을 협박하는 거예요. 라크라한.” 이미 그녀의 덫에 걸려든 주제에. 겁도 없이. 감히 그녀에게 빠져들지 않을 자신이 있었다. 오만하게도 온 순정을 바쳐도 마지않을 사랑에 빠지지 않을 자신이 있었다. “내 지독한 짝사랑을 제발, 끝내줘. 베르체리아.” 결혼 그까짓, 허울인 제도일 뿐이라 했던 자신을 증오하는 데 고작 얼마나 걸렸을까. 그녀의 상처마저도 집착할 줄을 꿈에도 몰랐으니.
더보기
",123,260000,10.0,150,314,3
사상 최강의 양손 투수,RAS,현판,https://novel.naver.com//webnovel/list?novelId=1065742,"
한 손으로만 던지란 법 있어? 
난 양손으로 던진다.
더보기
",200,2430000,9.99,99,198,2
최애를 결혼시키지 못하면 죽습니다,이다란,로코물-능력여주-시한부여주-철벽녀-햇살여주-집착남-까칠남-착각-달달한-힐링-로판,https://novel.naver.com//webnovel/list?novelId=1105616,"
무자각 철벽 vs 무조건 직진 불도저. 과연 최후의 승자는?

수십 번 재독 했던 나의 인생 소설 속에 빙의했다. 그리고 내 최애를 3년 안에 결혼시키지 못하면 죽는 몸이 되어버렸다.

그래. 이렇게 된 거 어쩔 수 없지. 오늘부터 내 목표는 최애의 최측근이 되어서, 그의 피앙세가 되어 줄 좋은 사람을 찾은 뒤, 두 사람의 성대한 결혼식을 추진하는 거다.

그 후에는 최애를 똑 닮은 2세를 돌보며 천년만년 행복한 노후를 보내야지. 좋아, 완벽해!

이로써 나의 원대한 계획은 오늘도 순조롭게……

“제기랄, 너는 늘 나를 충동적으로 만들어.”

순조롭게……

“너는 무엇이든 해도 좋고, 무엇을 원해도 괜찮아.”

순조롭……

“다만 한 가지만은 명심해라. 내 앞에서 다른 사람 이야기는 꺼내지 마. 다른 이에게 시선 주지 마라. 나에게만 집중해.”

…….

잠깐만. 내 최애가 주는 총애가 좀, 이상한 것 같은데?
더보기
",184,390000,9.73,168,360,9
득템왕,더블류K,현판,https://novel.naver.com//webnovel/list?novelId=1105619,"
어느 날, 게임 역사상 가장 비싼 아이템을 먹어버렸다.
더보기
",350,4150000,9.97,72,228,4
S급 던전의 캠핑장 주인,offnun,모험물-치유물-능력여주-냉정남-대형견남-계략남-딸바보-초월적존재-게이트-시원시원한-로판,https://novel.naver.com//webnovel/list?novelId=1113878,"
던전에서 엄마와 오빠를 잃은 유봄. 한강 다리 위에서 삶의 의지를 다잡는 중 갑작스러운 사고로 떨어졌는데, 위기의 순간-

[클래스 : ‘캠핑장 주인’으로 각성했습니다.]

……캠핑? 지금 장난해?

하필 S급 던전에 설립된 캠핑장. 게다가 시스템의 농간으로 꼼짝없이 갇혀 버렸다.
어쩔 수 없이 캠핑장을 꾸려 나가는데……

“제 생명의 은인이시니 이제부터 주인장님의 개가 되겠습니다.”
“처음부터 주인장님을 눈여겨보고 있었습니다. 저희 길드에 가입해 주세요!”
“여기 스모어 키트 추가요~”

이놈의 손님들, 왜 안 돌아가!
더보기
",167,500000,9.88,158,287,3
당신을 놓기로 했다,주여명,회귀물-판타지로맨스-서양로판-나쁜남자-후회남-회귀-로판,https://novel.naver.com//webnovel/list?novelId=1127596,"
“공주, 나와 결혼해줘야겠어.”

지크하트 아스하르트.

어느 날 갑자기 나타난 남자는 쉽게도 내 삶을 휘둘렀다.

남자의 다정한 말 한마디에, 우아한 손짓 하나에 나는 필연적으로 그를 사랑하게 되었다.

그것이 거짓으로 꾸며진 사랑이란 것도 모르고.

***

열 번.

불행으로부터 도망치기 위해 나는 매번 삶을 포기했으며, 때마다 되살아났다.

""내 아이일 리 없지. 공주와 다른 남자의 아이면 몰라도.""
“내가 공주를 사랑하지 않는다는 사실을 슬슬 눈치챌 때가 되지 않았나?”

점점 시간을 거스르며 돌아가던 내게 열 한번째 삶이 다가온다.

“우리, 결혼하지.”

과거, 지크하트가 청혼했던 때로.

그런데, 다시 마주한 남자가 이상하게 바뀌어 있었다.

“나타샤, 당신이 나를 벗어날 방법은 없어.”
“…….”
“원하거든, 내가. 나를 죽도록 싫어하는 당신을.”

당신을 놓은 나를 이제 와 회유하듯.
더보기
",120,560000,9.58,125,304,4
차원이 다른 각성자의 외동아들,페더,판타지,https://novel.naver.com//webnovel/list?novelId=1077048,"
자이안 알레프.

변경백의 아들. 16세. 악마의 재능. 병약한 천재. 추방당한 후계자.

그의 인생을 설명할 수 있는 말은 많다. 그러나 그를 정의할 수 있는 말은 하나 뿐이다.


“괴로워하는 분들을 돕는 건 시간낭비가 아니에요. 전 제가 구할 수 있는 분들을 포기하지 않을 겁니다.”


그는 꺾이지 않는 호구다.
더보기
",210,1160000,9.98,152,323,6
멸망 예정 세계에서 역하렘을 만들어 버렸다,윤시란,아포칼립스-좀비-하렘/역하렘-빙의물-능력남주-츤데레남-뇌섹남-다정남-능력여주-걸크러시-로판,https://novel.naver.com//webnovel/list?novelId=1102248,"
역하렘 소설 속에 빙의한 엘리자베스 키튼.
악녀로서의 역할을 마치고 집으로 돌아가는 일만 남은 줄 알았는데….

“끄르륵. 그어어억.”

엔딩 장면에서 여주가 좀비로 변하더니 남주를 물어 버렸다.

[기존 퀘스트, 〈악녀로 살아남기〉를 폐기합니다.]
[새로운 퀘스트가 부여됩니다!]
[〈멸망 예정 세계에서 살아남기(부제: 좀비를 무찌르고 집에 돌아간다!)〉]

갑작스러운 장르 변경에 집으로 돌아가지 못하는 것도 서러운데,
멸망이라니요? 좀비를 무찌르라니요?
게다가….

“지금 내 주인은 엘리자베스 키튼 공작이니까요.”
“이 인파 속에서 맘 편히 있을 곳이 공작님 옆밖에 없어서요.”
“가지 말고, 그냥 곁에 있어 주면 안 돼요?”
“내가 지켜 줄 테니 걱정하지 마십시오.”

살아남기 위해 모은 원작의 서브 남주들과 북부 대공의 반응이 이상하다.
나, 아무래도 역하렘을 만들어 버린 것 같은데?
더보기
",164,230000,9.87,177,375,11
결국 여주인공이 도망갔다,톰히,책빙의-연하남-츤데레남-까칠남-로판,https://novel.naver.com//webnovel/list?novelId=1119363,"
“넌 내가 샀어. 내 것이고, 난 이제 내 것을 딴 자식들한테 안 뺏겨, 절대로.”

피폐물 소설 속 집착 남주이자, 복수만을 위해 사는 젠 베이커.
데보라는 어떻게든 원작을 피하고 싶었지만 하녀 면접에서 그와 마주하게 되고.

“그럼 일단 첫 번째. 10년 전, 왜 헤더 가문을 그만두고 떠났습니까?”

젠은 자꾸만 면접과 상관없는 질문을 던진다.

“지금 내 앞에 남편 변호를 하는 겁니까.”
“죽은 사람은 스스로를 변호할 수 없는 법이니까요.”

데보라가 결혼했다는 말에 젠은 당황과 분노를 표하다가도
미망인이 되었다는 이야기에 알 수 없는 시선을 보내오는데.

“당신은 호텔로 돌아갈 수 없습니다. 기차를 타는 일도 없을 것이고요.”

고용을 거절하려는 데보라와 어떻게든 그녀를 곁에 두려는 젠.
결국 베이커가에서 일하게 된 데보라는 여주 디아의 불행이라도 막아 보자 한다.

그런데 천하의 나쁜 놈일 젠 베이커가 자꾸 원작과 다른 모습을 보여준다.

“유감스럽게도 난 말로만 사과하는 법을 몰라서.”
“걱정되는 걸 어떻게 막겠습니까?”
“눈을 좋아했습니까?”

그가 좋은 사람인 것 같아서 혼란스러운 데보라.
심지어 그에게서 10년 전에 만났던 소년의 모습이 어른거리고.
데보라의 가슴이 술렁이기 시작한다. 이런 감정, 알고 싶지 않은데.
더보기
",174,340000,9.92,162,435,6
이 결혼은 비극으로 끝나야 한다,카모테로,계략남-상처녀-소유욕/집착-후회남-로판,https://novel.naver.com//webnovel/list?novelId=1132951,"
안시 드 루벨사.
그녀는 복수를 위해 그 남자와 결혼하기로 했다.
아버지를 죽인 오르페 공작가에 들어가
원수의 가문을 철저히 몰락시키기 위해.

다미온 드 오르페.
그는 야망을 위해 그 여자와 결혼하기로 했다.
반려의 죽음을 미리 보는 루벨사의 능력으로
가문을 차지하는 데 수반되는 위협들을 차단하기 위해.

“다미온. 당신은 제 구원이에요.”
“줄곧 좋아했습니다, 안시.”

그녀는 평온을 이유로, 그는 사랑을 이유로 결혼했다.
서로의 진짜 목적은 숨기고서.

붉은 아네모네 부케를 든 안시는 남자의 잘난 얼굴을 바라보며 생각했다.
이 결혼은, 비극으로 끝나야만 한다고.
더보기
",120,250000,9.95,132,362,3
멸망한 세계의 검성,정훈,현판,https://novel.naver.com//webnovel/list?novelId=1055007,"
악몽에 잡아먹힌 세상에서, 손에 칼을 쥐다.
더보기
",301,4910000,9.94,233,520,4
연애편지 쓰다 강해짐,토리셀,판타지,https://novel.naver.com//webnovel/list?novelId=1105620,"
“자, 그럼 지금부터 연애편지를 쓸 테니 어떤 내용이면 될지 이야기해 주세요. 오전에는 뭘 하셨죠?”
“횡베기.”
“그럼 오후에는 뭘 하셨죠?”
“찌르기.”
“저녁……에도 설마 검술 훈련?”
“아닐세.”
“그럼 저녁에는요?”
“유산소.”
이런 미치광이 고용인 같으니.
진짜 못해 먹겠네.
나는 그대로 공작에게 펜을 집어 던졌다.
더보기
",250,3200000,9.98,106,237,5
"살려 줬더니, 집착당하다",윤지은,계략남-환생물-소유욕/집착-로판,https://novel.naver.com//webnovel/list?novelId=1125123,"
평민 약사이자 황태자의 비밀 주치의인 제인.
그녀는 약국에 일어난 불로 인해 하루아침에 목숨을 잃는다.
그리고 정신을 차리자 보인 것은…… 낯선 사람들이었다.

“클레어! 드디어 깨어났구나!”

혼수상태이던 백작가 영애의 몸에 들어왔다는 사실을 깨달은 제인은
문득 자신의 죽음을 예언한 사람이 있었음을 떠올리는데……

“제인을 잃을까 봐 겁이 나서 어떻게 해야 할지 모르겠더군. 정말 끔찍한 악몽이었어.”

그 사람은 바로 ‘예언자의 열병’을 앓고 있던 황태자, 이안이었다.

이렇게 되살아나긴 했지만, 모습이 달라졌으니 알아보진 못하겠지?
그리 예상했으나 황실 연회에서 만난 이안이
놓치지 않겠다는 것처럼 그녀의 손을 꽉 붙들었다.

“그대가 죽어 버린다면 내 삶은 의미가 없어. 다시는 그대를 잃지 않을 거야, 제인.”
더보기
",200,350000,9.88,154,435,1
고인물이 다시 고이는 법,최우진,현판,https://novel.naver.com//webnovel/list?novelId=1080002,"
끝없이 반복되던 지옥을 이젠 끝장내겠다.
더보기
",224,2530000,9.77,67,171,3
게임재벌 갓겜메이커,노마인,현판,https://novel.naver.com//webnovel/list?novelId=1058955,"
썩어 빠진 한국 게임업계를 내가 바꾼다.
더보기
",201,1300000,9.94,128,154,1
구원자의 버킷리스트,바다낭자,판타지,https://novel.naver.com//webnovel/list?novelId=1099147,"
열네 번의 회귀.

구원자는 은퇴를 결심했다.
더보기
",200,2350000,9.77,76,176,2
남주 좀 납치합시다!,단시오,판타지로맨스-술술읽히는-당돌여주-폭스남주-쌍방구원-로판,https://novel.naver.com//webnovel/list?novelId=1136674,"
친구가 쓴 소설 속에 빙의해 버렸다.
남자 주인공을 납치하다가 끔살당하는 조무래기 악역, 비비안 슈미트로!

원작에 따르면 비비안을 죽이고 탈출한 남주, 칼리스는
여자 주인공과 운명적인 만남을 갖는다.
즉, 스토리가 흘러가기 위해서는 반드시 남주를 납치해야 하는 상황!

결국 어쩔 수 없이 남주를 납치한 다음
그를 잘 달랜 뒤 풀어 주려고 하는데 문제가 생겼다.

‘칼리스의 생김새를 모르잖아!’

그래서 일단 닥치는 대로 미남이란 미남은 다 납치했다.
혹시라도 납치한 남자들에게 보복이라도 당할까 봐
초호화 잠자리와 음식은 물론, 온갖 편의 시설을 갖추기까지!
그리고 남주가 아니라고 판명될 경우에는 안전한 곳에 풀어 주었다.

그런데 이게 웬걸?
예상치 못하게 이상한 놈들이 꼬이기 시작한다?

“슬슬 제 변장을 알아보시고 잡아가지 않으시면 어쩌나 했는데, 아직 먹히네요. 기뻐요, 비비안.”

나에게 납치당하기 위해 매번 다른 사람으로 변장하는 멜피스부터.

“여태 납치했던 미남들의 얼굴 순위를 매겼을 때 나는 몇 위인가?”

제 발로 잡혀 와서 어울리지 않게 외모 자랑을 늘어놓는 원작의 악역, 디트리히.

“이런 격렬한 관심 표현은 또 처음인데. 납치하고 싶을 만큼 내가 좋은 거야? 너, 귀엽다.”

남장하고 있던 탓에 나에게 납치당한 후 대뜸 친구 하자며 들이대는 원작의 여주, 루도비카까지!

열렬히 찾고 있는 남주는 어디 가고 순 이상한 사람들만 주변으로 모여든다.
이거…… 이대로 괜찮은 걸까?
더보기
",137,650000,9.83,136,323,4
버려진 신부를 탐하는 자는,정은초,소유욕/집착-계약관계-순정남-로판,https://novel.naver.com//webnovel/list?novelId=1125117,"
“첫눈에 반했다고 하면, 개연성이 생깁니까?”

망해 가는 웨식스 왕국의 왕녀, 라일라.
피가 귀한 성씨를 지녔지만 형제들은 모두 가지고 있는 조율 능력을 타고나지 못해
마찬가지로 망해 가는 왕국의 7왕자와의 약혼식을 앞두고 있다.

애초에 희망 따위 없다고 생각은 했지만
약혼식을 올리기도 전에 난봉꾼 성향을 보이는 상대 때문에 앞길이 더 막막해진 그때였다.
그 의뭉스러운 ‘구원자’가 나타난 건.

“도망치십시오. 도움이 필요하다면 제가 손을 내밀어 드릴 테니.”

안 그래도 약혼을 받아들이기 힘들어하는 라일라에게 기꺼이 손을 내밀어 주겠다고 하는 남자, 밀레이.
하필 첫사랑과 이름도 같다.
강력한 사이코키네시스 능력자이자 행킨 제국의 황태자인 에이드리언 레인스와.
그러니까, 자신이 죽일 뻔한 그 남자와.

그래서 처음엔 경계했지만, 라일라는 밀레이의 손을 잡는다.
7왕자와 파혼하고 고국인 웨식스로 도망치기 위해서.

그가 바로 제 첫사랑인 에이드리언이라는 사실을 모르는 채.
더보기
",200,270000,9.98,117,389,2
그렇게 시작된 당신의 후회는,설매향,소유욕/집착-까칠남-후회남-상처녀-로판,https://novel.naver.com//webnovel/list?novelId=1125111,"
“당신은 날 죄인으로 만들어. 알아?”

분명 서로 사랑했다고 생각했고. 여전히 당신을 사랑하지만.
우리를 부부로 묶어주는 것이 죄책감과 부채감이라면.

“우리…… 헤어져요.”

그래서 서로가 불행한 삶을 살 수밖에 없는 거라면.
모두가 행복해지는 결말을 위해 당신을 놓아주기로 한다.

“……루이사. 잠시 생각할 시간을 갖자.”

예상치 못한 이혼 이야기에 에드워드는 당황하고.
자신이 루이사의 손에 빛나는 삶을 쥐여 주기 위해 달려온 시간 동안
그녀는 자신을 하염없이 기다리며 메말라 간 것을 깨닫는다.

“내 연구를, 회사를 줄게. 내가 가진 전부야.
내 모든 걸 줄 테니 제발 여기 있어 줘.”

사랑하는 남편, 에드워드 앨런의 애처로운 모습이
고요했던 루이사의 얼굴에 파문을 일으켰다.

“당신은 가만히 앉아서 날 손짓으로 부리기만 해.
난 그런 당신의 옆에서 무엇이든 해다 바칠 테니.”

에드워드는 언제나 필사적으로 살아왔고, 지금도 마찬가지였다.
아내를 붙잡아야 했다. 아내가 없다면 자신이 사는 의미도 없었다.

그러니 정말로, 그는 모든 것을 내던질 수 있었다.
더보기
",139,310000,9.75,105,275,1
"이별해 주세요, 제발!",우수빈,로판,https://novel.naver.com//webnovel/list?novelId=1127581,"
‘내가 빙의한 소설이 뭔지 모르겠다.’

천덕꾸러기 황녀 리타니아.
정석 로판 소설이라면 빙의자인 자신에게 주어진 선택지는 적당한 남자에게 계약 결혼을 제안하여 원작의 흐름을 벗어나 쾌적하고 안락한 삶을 누리는 것일 터인데.

“저와 결혼해 주시겠습니까?”

첫 만남에 대뜸 청혼해오는 수상한 남자가 있다?
게다가 이 남자, 너무 아름답다.
이 세계가 로판이라면 응당 남주여야 할 미모를 지녔으면서, 개연성은 어디에다 팔아먹고 뜬금없이 제게 청혼을 한단 말인가.

“우리는 오늘 처음 만났잖아요. 무슨 결혼을 해요?”

리타니아가 황당한 얼굴로 묻자, 오르비스는 느리게 눈을 깜박였다.

“아, 그렇군요. ‘이번’에는 처음이었지요.”

기이하게 빛나는 푸른 눈동자. 남자의 동공이 세로로 찢어지며 입가에 묘한 미소가 떠올랐다.
온몸에 소름이 돋았다. 리타니아는 그제야 자신이 어떤 소설에 빙의한 것인지 깨달았다.
인간의 감정을 모르는 용의 사랑을 받아, 천재지변이나 마찬가지인 용의 애정 표현 때문에 자신에게 소중한 모든 것을 잃고 결국엔 그 자신마저 불구가 되어 삶을 포기하는.

‘막장 피폐물!’

그녀가 죽어 가는 순간에야 비로소 후회라는 감정을 이해하게 된 용이 다시 한번 기회를 달라며 애정을 구걸하는, 기다리는 것은 새드엔딩뿐인 꿈도 희망도 없는 이야기의 주인공이었다!
더보기
",125,380000,9.93,119,353,6
당신의 죽음을 위해 살아가겠습니다,사하람,궁중로맨스-서양풍-걸크러시-무심녀-상처녀-순정남-후회남-복수-쌍방구원-신분차이-로판,https://novel.naver.com//webnovel/list?novelId=1125125,"
사랑하는 가족이 몰살당했다. 남편이자 황제인 클레디우스의 음모였다.
아이를 떠나보내야 했다. 태어난 지 사흘 만이었다. 남편에게선 어떤 위로도 들을 수 없었다. 
그날 이후로 일라이드의 세상은 온통 검었다. 
표현할 수 없는 추모와 애도로 가득한 삶. 견뎌내고 버텨내기 위해서 현숙한 황후를 연기해왔다.
하지만 미처 알아차리지 못했다. 
일라이드가 참아내는 동안 저편에서 푸른 여명이 밝아오고 있다는 사실을. 살아남은 하나의 인연이 다가오고 있다는 사실을.

***

“이러다 제가 ‘햇빛이 어둡다’라고 말하면 어둡다고 여길 참인가요?”

“오늘부터 그렇게 생각하겠습니다.”

일라이드는 실없는 소리를 넘겨버리듯 피식 웃었지만, 리벨은 웃지 않았다. 설마 이 사람은 진심으로 여기는 건가?

“황후 폐하께서 말씀하시는 모든 것이 저에게는 규칙이고 법입니다.”

일라이드가 어두움을 빛이라고 말한다면, 리벨의 세계에 존재하는 모든 어둠이 조각나고 찬란하게 빛날 것이라고. 리벨은 그렇게 믿어 의심치 않았다.

“그대는 꼭…… 내가 세상 전부인 것처럼 말하는군요.”

“안 됩니까?”

***

꺼져가는 불길 속에서 잿빛 매가 날갯짓하니,
고개를 들고 불을 지펴 세상을 향해 비상하라.
눈부시도록 아름다운 오월의 날에…….
더보기
",230,380000,10.0,100,377,1
"망했다, 남캐에 빙의하다니!",김선유,궁중로맨스-책빙의-걸크러시-로판,https://novel.naver.com//webnovel/list?novelId=1119360,"
술김에 절친이 알려 준 빙의술을 따라 했다가 진짜로 로판 소설에 빙의해 버렸다.
그것도 서브 남주 뮤젤로.

절친을 데리고 현생으로 돌아가려 했지만, 어느새 소설 남주 클라우스를 사랑하게 된 뮤젤.

그는 결심한다.
보좌관으로서 클라우스를 훌륭한 황제로 만들기로.

그런데.

“뮤젤, 혹시 키스는 해 봤어?”
“네? 아, 아뇨…….”
“내가 처음이어야겠어.”

남주 클라우스가 여주 에반젤린도, 악녀 엘프리데도 아닌
보좌관인 뮤젤에게 다가가기 시작한다.

“나랑 정식으로 교제해 줘, 뮤젤.”
“……!”
“다시 한번 말하지만, 오랫동안 생각한 일이다. 넌 내게 무척 특별한 사람이야.”

스스로가 보잘것없어서 그를 거절하지만 그는 지치지도 않고 자꾸만 다가온다.
그 사랑에 뮤젤은 조금씩 흔들리기 시작하는데…….
더보기
",126,650000,9.8,132,227,10
최종보스의 구원자가 되었다,심씀,판타지,https://novel.naver.com//webnovel/list?novelId=1077045,"
내가 읽던 소설 속 페이크 최종 보스, 그레이스 유클리드. 
그녀를 살려야 한다.
더보기
",226,2240000,9.83,117,244,5
"사랑하는 당신에게, 나의 황홀한 악몽을 드립니다",스캠퍼,인기상승-정주행많은-로판,https://novel.naver.com//webnovel/list?novelId=1127599,"
(*이 소설은 가상의 시대와 장소를 배경으로 하며, 오컬트 및 호러 요소가 다수 포함되어 있습니다.)

마녀의 딸로 태어난 라일라는 태어날 때부터
‘봐서는 안되는 것’을 보는 능력을 가지고 있었다.

보고 싶지 않지만 보이고, 듣고 싶지 않지만 들린다.
강력한 영매이지만 보고 듣는 것밖에 할 수 없는 그녀의 삶은 공포 그 자체였다.

마을에서 배척을 당하며 혼자 살아가던 그녀의 앞에 돌연 나타난 남자, 유스타르 하이언모리크.
시어로우 왕국의 왕제이자, 기사단 ‘텐티넬라’의 총본부장인 그는 라일라의 남다른 눈과 귀를 원한다.

왕의 명령으로 유스타르와 표면상 부부가 된 라일라는 그와 페어를 이루어
시어로우 왕국의 섬뜩한 기현상들을 해결하고, 그 대가로 막대한 보수와 명예, 그리고 자유를 얻고자 하는데.

왕은 무엇을 꾸미고 있으며, 유스타르는 무엇을 숨기고 있는 것일까?

그리고 라일라 본인조차 알지 못하는 최초의 비밀은 무엇일까?
더보기
",202,360000,10.0,191,571,7
암살 가문의 천재 어쌔신,체나,판타지,https://novel.naver.com//webnovel/list?novelId=1119793,"
처음부터 시엔의 죄는 오직 하나뿐이었다.
약함.

불패의 신화를 쌓아 올린 대륙 최강의 기사, 반신의 경지에 도달한 대마법사, 천벌의 대행자라 불리는 최고 수석 이단심문관…….
제국의 가장 위대한 영웅들을 굴복시킬 만큼 강했지만, 정작 제국 그 자체를 쓰러뜨릴 만큼 강하지는 못했던 죄.

다시 돌아온 암살자의 속죄는 그렇게 시작되었다.
더보기
",200,2650000,9.79,62,182,0
오만이 발끝에 떨어졌을 때,월루눈,판타지로맨스-능력남주-다정남-오만남-후회남-갑을관계-소유욕/집착-질투-상처녀-로판,https://novel.naver.com//webnovel/list?novelId=1132949,"
평생을 바쳐 사랑했던 발레를 포기하려던 날.
그 남자, 끔찍하리만치 아름다운 엔리코 미켈레는 밀어를 속삭이는 악마처럼 다가와 간교한 제안을 건넸다.

“넌 그냥 춤만 춰. 살아있는 인형처럼.”

뜻 모를 후원과 함께 그가 내비친 비밀.

“그럼 죽은 네 부모에 대해 알려 주지.”
“…….”
“진실을 알고 싶지 않나?”

부모님의 죽음을 파헤치기 위해서라면 기꺼이 그를 위한 인형이 될 수 있었다.
더한 나락으로 떨어질 걸 알면서도.
더보기
",120,190000,9.87,92,263,1
이레귤러는 괴물을 먹는다,922,현판,https://novel.naver.com//webnovel/list?novelId=1102258,"
""이제 이 고블린은 제 점심입니다.""
나는 괴물을 먹으면 강해진다.
더보기
",270,1820000,9.95,66,148,2
복수를 위해 남자들을 길렀을 뿐인데,아끼다금된다,서양풍-회귀물-주종관계-집착남-복수-로판,https://novel.naver.com//webnovel/list?novelId=1119364,"
“언니. 조금 똑똑하게 굴어줄래? 복수할맛 좀 나게?”

내 남편과 바람난것도 모자라, 아이까지 낳아온 언니는 죽음이라는 큰 선물을 내게 던졌다.
남편도, 친구라는 놈도 모두 나를 속이고 죽이기 바빴다.

그래서 난 스스로 죽음을 애원했다.
회귀를 위해.
그런데 언니도 회귀해버렸네?

복수를 위해 뭐든지 할 수 있었다.

그래서 사람들도 이용하려 했을 뿐인데.

그런데…….

“나를 이용한다면서, 왜 이용하지 않는 거죠. 주인님. 어서 나를 온전히 소유해 주세요.”

전 남편 대신 황제로 만들기 위해 노예상에서 사 온 노예가 이상해졌다.

""구했으면 책임져야지. 니아. 널 위해 모두 다 죽이고 왔는데?""

“언니. 가질 수 없으면, 언니의 세상을 없애버릴 거예요. 그러니까…… 내게서 떠나지 마요.”

힘을 키우기 위해 구해준 쌍둥이 마법사들도 살짝 미쳐갔다.

무언가 이상했지만,
그럼에도 난 복수를 해야 했다.

“언니. 나와 내기할래요? 누가 살아남는지. 누가 황후가 될지?”
더보기
",163,250000,8.96,85,225,1
"세계 서열 0위님, 제발 그만해 주세요",먕먕녕녕,로판,https://novel.naver.com//webnovel/list?novelId=1117101,"
[이주은 님의 빙의를 환영합니다. ^0^]

난데없이 등장한 상태창과 함께 빙의해 버리고 말았다.
그것도 세계 서열 0위의 여주가 왕따 분장을 하고 학교에 다니는 인터넷 소설에!
그리고 나는 이 이야기에서,

“야, 너 지금 내 말 무시하는 거야? 우리가 우스워?”

여주를 괴롭히는 악녀……의 부하3을 담당하고 있다.

본모습을 드러낸 여주에게 맞아 전치 8주의 부상을 입기 전에
이 말도 안 되는 세계와 역할에서 벗어나는 방법은 오직 하나.

[해피 엔딩을 만들어 주시면 소원을 들어 드릴게요!]

인소 속 모든 등장인물들에게 행복한 결말을 안겨 주고 소원을 비는 것. 그런데…….

“네가 이 학교 대가리냐? 쿡, 우리 포커스가 너 좀 보자신다.”
“싫다면?”
“꺅! 챠나 챠나, 오늘 우리 해성상고랑 싸우는 거야?!”

……내가 과연 이 캐릭터들을 행복하게 해 줄 수 있을까?
이곳은, 그야말로 광기의 시대였다.
더보기
",125,680000,9.54,127,266,9
내가 만든 세계 속 광전사가 되었다,메르시스타,판타지,https://novel.naver.com//webnovel/list?novelId=1094912,"
2020 지상최대공모전 수상작!

내가 만든 소설 속 광전사가 되었다.
‘원작자 권능’이라 불리는, 아주 특별한 힘을 가진 채로.
더보기
",425,2710000,9.81,103,304,12
더는 나를 원하지 않는 당신에게,한도솔,타임슬립-상처녀-걸크러시-로판,https://novel.naver.com//webnovel/list?novelId=1119369,"
헤어진 연인으로부터 편지를 받았다.
꼭 전해야 할 말이 있으니 기다리겠다는.

아직 그를 마주할 자신이 없어 애써 외면했는데,
내 앞에 싸늘한 주검이 되어 돌아왔다.

그를 살려 달라며 울고 애원했다.
신에게 간절한 목소리가 들릴 만큼.

나의 절실한 소원이 이루어지던 날, 
너는 당연하게도 나를 기억하지 못했다.

“괜찮아, 이제는 내가 지켜 줄게.”

단지 너를 지켜 주고 싶었을 뿐이었다.
그런데 그간 당연하게 여겼던 나의 모든 것이 의심스러워진다.

*  *  *

“당신에겐 제가 그저 놀기 좋은 상대였던 겁니까?”

헛웃음을 흘린 그는 제 손으로 얼굴을 감쌌고, 
이내 원망 섞인 눈으로 그녀를 바라보았다.

“제발 울지 말고 뭐라도 말씀해 주십시오!”

분명 덴시온을 행복하게 만들어 주고 싶었다. 
그랬는데 지금 그녀는 그를 괴롭게 만들고 있었다.

그의 눈은 어느새 붉게 충혈되어 있었고, 
이성을 가까스로 붙잡고 있는 듯했다.

그가 멀어지자 비아레는 희뿌연 시야 속에 주저앉아 눈물을 흘렸다.

“내가 너한테 다가갈 수 있을 리가 없잖아…….”
더보기
",120,240000,9.77,94,238,2
망나니 교황이 유능해지면,마루해,판타지,https://novel.naver.com//webnovel/list?novelId=1125132,"
게임 속 보스 몬스터 「타락한 교황」에 빙의했다.
​
문제는 그냥 교황이 아니고 하필 '타락한' 교황에 빙의했다는 것.
​
타락 교황의 사회적 평판은 내가 빙의하기도 전부터 이미 최악이었다.
​
덕분에 주변인들 전부 나를 타락한 망나니 취급하며 무시하는 상황.
​
하지만 그런 내게도 희망은 있었는데...
​
​
[서브 신탁을 100% 완료하여 카르마를 수복하였습니다! 유저의 잠겨있던 스킬 중 하나가 해금됩니다!]
[스킬 「신성모독이다! (S)」가 해금되었습니다!]
​
​
내게 주어진 유일한 희망, 그건 내 눈에만 게임 시스템창이 보인다는 것.
​
오늘도 나는 시스템창이 내려주는 신탁을 하나하나 완수해간다.
​
교황의 봉인돼있는 진짜 힘을... S급과 L급 스킬들을 되찾기 위해서.
더보기
",200,2320000,9.79,82,176,4
세계 유일 힐러 루엘라,채하빈,서양로판-걸크러시-게임로판-사이다-카리스마-빙의물-로판,https://novel.naver.com//webnovel/list?novelId=1102253,"
이름: 루엘라 로미닌 / 직업: 힐러 Lv.1 / 특징 : 아무 남자나 다 꼬심

눈을 떴을 때 아무것도 기억이 나지 않아,
단순 기억 상실증인 줄 알았는데…….

[헬라네의 세계에 오신 것을 환영합니다.]

알고 보니 ‘헬라네’라는 MMORPG 게임 속이었다.
문제는 그녀가 낸 양다리 사건 때문에
왕국에서 제일가는 권력자인
발데르의 길드마스터에게 적대적 선포를 당했다는 것!

〈공식적으로 루엘라 로미닌에 대한 길드 전쟁을 선포한다.〉

그 때문에 쿠란 왕국 내에서는
빵 한 조각 얻어먹을 수 없는 신세가 된 루엘라.
결국 그녀는 마침 자신이 필요하다는
엘라브의 페리몬트 제1 공작, 카이트와 마주친다.

“우리 길드의 아지트야. 가입할 마음이 생기면 찾아와.”

그렇게 받은 쪽지에 적힌 주소에 가니
게임 이름과 똑같은 ‘헬라네’ 길드의 본거지가 있었다.
그리고 루엘라는 비로소 자신의 죽음까지
두 달의 시간밖에 남지 않았음을 알아차리는데…….
더보기
",148,290000,9.76,118,226,5
7FATES: CHAKHO,HYBE,판타지,https://novel.naver.com//webnovel/list?novelId=1040014,"
손님 오는 날.
신시에 내려온 건, 반가운 손님이 아닌 원한에 찬 범이었다. 
오랜 세월 이어져 온 증오가 신시를 검게 물들이고, 사무치는 분노가 부딪쳐 흐른 피로 땅이 붉게 젖어갈 때.
이 싸움을 끝내기 위해 그들은 무기를 쥐었다.
더보기
",89,210000,7.63,501,954,28
시한부는 공략을 거절합니다,꿀끼,게임빙의-시스템-서양풍-빙의물-능력여주-미인여주-존댓말남-미인남주-폭스남주-시원시원한-로판,https://novel.naver.com//webnovel/list?novelId=1119372,"
소설 속 엑스트라에 빙의했다. 주인공에게 청혼도 받았다.
원작을 비튼 줄 알았다.
약혼자가 다른 여자들을 ‘공략’하는 걸 발견하기 전까지는.

[공략 대상 <클라라>가 토라졌습니다.
<클라라>의 토라진 마음을 풀어주세요⸜(♡'ᗜ'♡)⸝
1. 뽀뽀를 한다.
2. 키스를 한다.
3. 침실로 간다.]

문득 나타난 시스템 창을 보며 깨달았다.
이곳은 원작을 바탕으로 만든 희대의 망겜이고, 내가 ‘플레이어’에게 공략당해 왔다는 사실을.

“저런, 클라라. 사랑스러운 내 아기새. 왜 그렇게 속상한 표정을 하고 있는 거야?”

남주 새X가 마주선 여자에게 느끼한 목소리로 지껄였다.

[SYSTEM] ‘3. 침실로 간다’를 선택하셨……

그리고 내 주먹이 그 더러운 주둥이를 강타한 순간.

퍼억!

머리 위에서 반짝이던 시스템 창이 와장창 깨졌다.
남주 X끼의 강냉이와 함께.

* * *

[속성: 시한부(남은 수명: 13일 11시간 47분)]

나는 ‘플레이어’의 공략 대상이자 각성을 돕는 제물이었다.
저주 같은 시한부 속성에서 벗어나고자 궁리하는 내 앞에 나타난 한 남자.
옆 나라의 ‘살인광 또라이’ 왕자님. 줄여서 ‘살.또’ 왕자.

[버그 발생!]
[버그 발생!]

남자는 나긋한 목소리로 속삭였다.

“내 사랑을 의심하지 말아요. 자꾸 의심하면 마음이 아프거든.”

서글피 휜 눈매와 달리, 번뜩이는 안광이 흉흉했다. 

“―가슴이 찢어질 것처럼.”

꼭, 나를 찢어버릴 것처럼.


……시한부도 서러운데, 살또가 빈약한 내 목숨에 집착하기 시작한다.
더보기
",145,400000,9.77,107,256,4
DARK MOON: 달의 제단,HYBE,판타지,https://novel.naver.com//webnovel/list?novelId=1040016,"
아름다운 해변의 도시 리버필드 시의 명문 드셀리스 아카데미. 
그곳에는 비밀을 간직한 7명의 소년들이 있다. 
인기 많은 나이트볼 주전인 그들은 사실 인간과는 조금 다른, 뱀파이어다. 어두운 과거로부터 도망쳐 평범한 학교생활을 하고 있다. 나이트볼 리그에서 만나는 라이벌 학교 선수들은 하필 또 늑대인간이라 그들을 못 잡아 먹어 안달이다. 
그러거나 말거나, 똘똘 뭉쳐 살던 어느 날, '조금' 힘이 셀 뿐이라 주장하는 여학생이 전학왔다. 어디선가 마주쳤던 소녀의 등장에 잊었던 과거가 모습을 드러내기 시작한다.
더보기
",81,270000,6.67,275,363,8
SSR 뽑기 캐릭터가 유저를 육성함,엣취드워프,판타지,https://novel.naver.com//webnovel/list?novelId=1102256,"
신들의 뽑기 캐릭터로 소환된 소드마스터 시드.
내 육성. 내가 알아서 하련다.
더보기
",202,1820000,9.97,77,133,3
미래일기로 생존게임,언늘,판타지,https://novel.naver.com//webnovel/list?novelId=1113886,"
미래의 자신이 쓴 일기책을 손에 넣은 메이슨 기아드.
인외의 존재가 주최한 지옥 같은 생존 게임에서 살아남을 유일한 방책은 이 일기책뿐이다.

다음 게임은 무엇인가.
미래의 나는 왜 실패했는가.
누구를 살려야 하는가.
누가 우리를 죽이려 하는가.

그 모든 정보가 담겨 있는 미래 일기를 활용하여, 어느새 참가자들의 인도자이자 구원자가 되어 간다.
더보기
",247,3140000,9.88,67,123,3
기생초,만신,현판,https://novel.naver.com//webnovel/list?novelId=1113885,"
사람을 갉아 먹는 식물 재앙이 도래했다.
그림자도 들지 않던 일상에서 나와 재앙과 쫓기고 쫓는 추격전을 벌이는 낙조.
일그러진 영웅을 과연 모두가 반갑게 맞이해줄까.
더보기
",202,1380000,10.0,155,276,11
별을 쫓는 소년들,HYBE,판타지,https://novel.naver.com//webnovel/list?novelId=1040015,"
마법의 세계.
그리고 '마법 아이돌'의 세상.
찬란한 시대 속, 마법 없는 아이돌 스타원.
한계가 명확한 그들에게, 기적같은 마법이 다가온다.
그리고 마법과 함께 찾아온 수수께끼의 적, '멸룡도가'.

풀어야 할 전설의 진실과, 거대한 사명이 닥쳐온다.

우리는 정해진 운명을 바꿀 수 있을까?
더보기
",82,140000,7.49,227,390,7
S급이 내 부캐야,오디조타,성장물-현대물-걸크러시-다정남-먼치킨-시스템-힘숨찐-헌터-시원시원한-쿨내진동-로판,https://novel.naver.com//webnovel/list?novelId=1121305,"
S급 환술사, 월드 랭킹 1위 헌터.
게이트에 등장할 때마다 아이돌 못지않은 인기를 누리는 ‘루드’.
그 본캐는 하루하루 벌어먹는 편의점 알바 신빛나리.

사회성 제로에 대인 기피증까지 있어 부캐로 던전을 도는데, 랭킹 2위 성기사 강이현이 팬이라며 자꾸 따라붙는다.
대한민국 4대 길드 중 하나인 [성전]에 들어와 달라나?

“싫어!”
“여태 모으신 아이템, 길드 이름으로 다 팔 수 있다고요!”

…사회성은 원래 돈으로 길러지는 거 아니겠어요?
본캐 숨기느라 처분 못 한 고급 아이템을 팔면 그게 다 얼마야.

그런데 웬걸, 월드 랭킹 1위여도 낙하산은 안 되니 면접도 보라고?
하지만 돈맛을 본 이상…… 그만둘 수는 없다.

“루드 씨는 왜 헌터 일을 하시나요?”
“아무 걱정 없이 내 몸 하나 누일 곳 찾으려고요.”

자본주의가 낳은 S급 괴물의 눈이 ‘내 집 마련’의 꿈으로 반짝였다.
더보기
",258,330000,10.0,98,215,4
랭킹 1위의 여동생입니다,리티티,가족로판-액션물-퓨전판타지-각성자-걸크러시-능력남주-능력여주-라이벌/앙숙-게이트-인기상승-정주행많은-로판,https://novel.naver.com//webnovel/list?novelId=1125127,"
세계 유일무이의 미각성 귀환자인 내가 사실 랭킹 1위의 여동생이란다.

멸망과 격변을 겪고 이계에 떨어졌다가 돌아온 '귀환자'와 시스템으로 인해 특별한 힘을 얻은 '각성자'가 존재하는 세계.

모든 '귀환자'는 '각성자'라는 공식을 벗어난 단 한 명의 '미각성 귀환자' 나, 박하영은 천애 고아의 삶을 살아 가고 있었다.

그러다 우연히 나의 진짜 이름은 '천신아'이며, 대한민국 랭킹 1위 '천신우'가 내 친오빠라는 사실을 알게 되고.

곧이어 사기적인 스킬과 능력을 가진 S급으로 각성까지!

하지만 본격적으로 꽃길만 걸어 보려는 내 앞에 '세계의 멸망을 막아 달라'는 이들과 '널 위해 세계를 멸망시키겠다'는 이가 나타나는데…….
더보기
",269,240000,9.7,81,249,1
크림슨 하트,HYBE,판타지,https://novel.naver.com//webnovel/list?novelId=1082888,"
크림슨 하트.
레퓨지아의 숨겨진 유산이자 족쇄.
그것을 발견한 순간, 나는 깨달았다.
거대한 미지의 운명이, 움직이기 시작했음을.
더보기
",80,20000,8.65,86,129,3
DARK MOON: 회색 도시,HYBE,판타지,https://novel.naver.com//webnovel/list?novelId=1082889,"
짙은 운무가 깔린 아시아의 항구도시 그레이빌.
그 끝에 위치한 그레이 여관에 살고 있는 ‘칸’은 악마 들린 아이라 불리며 외롭게 살아간다.
어느 날, 칸 앞에 늑대인간 형제들이 나타나고 예상치 못한 그들만의 기묘한 동거가 시작되는데.
얼마 후 도시 곳곳에선 사람들이 실종되고 피 없는 시체가 발견된다.
뱀파이어로부터 가족을 잃은 늑대인간 소년들은 살인사건의 범인을 추적하기 시작하고, 결국 거대한 적과 마주하게 된다.
서로 다른 아홉 명의 늑대인간 소년들이 만들어가는 우정과 성장. 그들은 과연 진실을 찾고 ‘진짜’ 가족이 될 수 있을까.
더보기
",81,180000,8.97,69,91,1
